ASM_A_MeanT,ASD_A_SDevT,BSM_B_MeanT,BSD_B_SDevT,CSM_C_MeanT,CSD_C_SDevT,ISM_I_MeanT,ISD_I_SDevT,ALM_A_MeanT,ALD_A_SDevT,BLM_B_MeanT,BLD_B_SDevT,CLM_C_MeanT,CLD_C_SDevT,ILM_I_MeanT,ILD_I_SDevT,DFlow,DGap
-1.8918478057203059,-0.4840915115110211,-1.4893748058543042,0.13388794175589674,1.1790129116163917,0.4152467850166219,-2.2383818146476044,-1.0705341653277158,-2.5566629172983153,0.993307672363065,-2.228017058404808,-0.2979939643677553,0.8395579074626026,1.5626331387332641,-2.736031085476297,-0.027485403913852142,0,1
-1.8918478057203059,-0.4840915115110211,-1.4893748058543042,0.13388794175589674,1.1790129116163917,0.4152467850166219,-2.2383818146476044,-1.0705341653277158,-2.5566629172983153,0.993307672363065,-2.228017058404808,-0.2979939643677553,0.8395579074626026,1.5626331387332641,-2.736031085476297,-0.027485403913852142,0,1
-1.8918478057203059,-0.4840915115110211,-1.4893748058543042,0.13388794175589674,1.1790129116163917,0.4152467850166219,-2.2383818146476044,-1.0705341653277158,-2.5566629172983153,0.993307672363065,-2.228017058404808,-0.2979939643677553,0.8395579074626026,1.5626331387332641,-2.736031085476297,-0.027485403913852142,0,1
-0.22939666688476834,0.622403371942742,-0.6933982011238407,0.4924747770673419,0.31364032794455327,0.31563930076029845,-0.6759428473497247,0.5877170044563581,-1.2563786066512188,0.6202116198169383,-1.6055868960567985,-0.07155776118041492,1.073007051758555,0.1963641945720829,-2.294256731104953,0.06763262311386081,1,0
-0.22939666688476834,0.622403371942742,-0.6933982011238407,0.4924747770673419,0.31364032794455327,0.31563930076029845,-0.6759428473497247,0.5877170044563581,-1.2563786066512188,0.6202116198169383,-1.6055868960567985,-0.07155776118041492,1.073007051758555,0.1963641945720829,-2.294256731104953,0.06763262311386081,1,0
0.2323953161251,0.8068191858517024,-0.7240126859211662,0.6717681947230643,0.2495386550799741,0.016816847991327454,-0.6943244822591115,0.5877170044563581,-0.9963217445218042,0.806759646090002,-1.6444887812035491,-0.07155776118041492,1.0340988610425608,0.105279598294671,-2.2162965509217747,0.02007360960000447,1,0
-1.4300558227104292,0.0691559302158605,-0.7240126859211662,1.4785885741738158,0.3777420008091353,1.212106659067211,-1.484734783362745,0.69470095089404,-1.1263501755865115,0.24711556727081127,-1.333273700029544,0.1548784420069255,0.8006497167466117,0.01419500201725883,-1.9304425569167885,-0.07504441742770875,0,1
0.8789040923389205,0.4379875580337813,0.2556508275932509,0.2235346505837581,-0.5837830921595719,0.7140692377855927,0.27990216793838946,0.6412089776751989,0.433990997190011,0.24711556727081127,-0.3607265713607786,0.23035717640270567,-0.0164222882892152,0.37853338712690726,-0.5271593136195837,0.02007360960000447,0,0
1.2483376787468168,0.4379875580337813,0.8373260387424362,-0.6729324376948547,-1.0965964750762165,-1.0788654788282324,0.2615205330290031,0.32025713836215236,1.0841331525135591,1.1798556986361286,0.8841337533352414,-0.7508663707424361,-1.2225762004849616,-1.1699047495890984,0.3563893951231004,0.11519163662771742,0,0
1.8024880583586573,-0.2996756976020606,0.7454825843504594,-0.8522258553505772,-1.0965964750762165,-1.0788654788282324,-0.34507341898076205,-0.21466259382625838,1.4742184457076926,0.993307672363065,0.8841337533352414,-0.8263451051382164,-1.2225762004849616,-1.1699047495890984,0.30441594166764835,0.11519163662771742,-1,0
1.8024880583586573,-0.2996756976020606,0.7454825843504594,-0.8522258553505772,-1.0965964750762165,-1.0788654788282324,-0.34507341898076205,-0.21466259382625838,1.4742184457076926,0.993307672363065,0.8841337533352414,-0.8263451051382164,-1.2225762004849616,-1.1699047495890984,0.30441594166764835,0.11519163662771742,-1,0
1.8948464549606292,-0.852923139328942,0.7148680995531339,-0.9418725641784386,-1.0965964750762165,-1.0788654788282324,-0.5288897680746304,-0.7495823260146692,1.6042468767724,0.993307672363065,0.923035638481992,-0.9773025739297765,-1.3003925819169435,-1.6253277309761587,0.30441594166764835,0.02007360960000447,-1,0
2.0795632481645816,-0.6685073254199816,0.6536391299584828,-0.762579146522716,-1.0965964750762165,-1.0788654788282324,-0.639179577530951,-0.6960903527958281,1.734275307837119,0.806759646090002,0.8841337533352414,-0.9773025739297765,-1.3003925819169435,-1.6253277309761587,0.17448230802901873,0.06763262311386081,-1,0
1.7101296617566852,0.0691559302158605,0.7148680995531339,-0.6729324376948547,-1.0965964750762165,-1.0788654788282324,-0.6759428473497247,-0.8565662724523514,1.8643037389018262,0.806759646090002,0.8841337533352414,-0.9773025739297765,-1.3003925819169435,-1.6253277309761587,0.04454867439038798,0.02007360960000447,-1,0
0.7865456957369403,0.2535717441248209,0.8985550083370872,-0.762579146522716,-0.9042914564824762,-0.2820056047776434,0.20637562830084213,1.122636736644769,1.9943321699665335,0.806759646090002,0.8841337533352414,-0.9773025739297765,-1.2225762004849616,-1.2609893458665105,-0.18933186615914577,-0.12260343094156535,0,-1
0.6941872991349683,0.4379875580337813,0.8985550083370872,-0.762579146522716,-0.9042914564824762,-0.2820056047776434,0.5004817868510315,0.9621608169882454,1.9943321699665335,0.806759646090002,0.8841337533352414,-0.9773025739297765,-1.2225762004849616,-1.2609893458665105,-0.16334513943141915,-0.07504441742770875,0,-1
0.5094705059310243,-0.2996756976020606,0.8985550083370872,-0.8522258553505772,-1.0965964750762165,-1.0788654788282324,0.31666543775716316,-0.37513851348278165,1.3441900146429853,-0.12598048527531575,0.9619375236287427,-1.2037387771171169,-1.2614843912009526,-1.2609893458665105,-0.059398232520515,-0.17016244445542197,0,-1
-0.1370382702827963,0.2535717441248209,-0.23418092916395764,0.7614149035509257,0.6982503651320366,0.7140692377855927,0.6475348661261262,-0.8030742992335103,0.433990997190011,-0.12598048527531575,0.1838998206937301,0.8341870515689467,-0.055330479005206136,1.6537177350106764,0.6942168425835383,-0.8835476471632704,1,0
-0.5064718566906926,0.4379875580337813,-0.9689285642997703,0.40282806823948053,0.8264537108611978,1.1124991748108872,-0.38183668879953575,0.69470095089404,0.17393413506059632,0.24711556727081127,-0.4385303416542799,0.8341870515689467,0.6061087631666535,1.2893793499010282,0.30441594166764835,-0.17016244445542197,1,0
-0.22939666688476834,-0.2996756976020606,-0.7240126859211662,-0.2246988935555484,0.9546570565903589,0.31563930076029845,0.8313512152199944,-0.6425983795769871,-0.2161511581335372,0.6202116198169383,-0.7497454228282847,0.45679337959004607,0.7617415260306207,0.5607025796817313,0.04454867439038798,0.3529867041970002,0,1
-0.6911886498946449,-0.11525988369310015,-0.20356644436663207,0.9407083212066482,0.3777420008091353,0.7140692377855927,-0.7678510218966589,0.8551768705505635,-0.4762080202629634,0.6202116198169383,-0.7886473079750353,0.45679337959004607,0.7228333353146263,0.1963641945720829,-0.5011725868918582,0.8761358528494223,1,0
1.3406960753487889,1.3600666275785842,-0.17295195956930653,1.2992951565180932,0.3777420008091353,2.7062189229120652,0.8497328501293809,1.5505725223954976,0.9541047214488518,1.9260478037283828,-0.5163341119477812,0.6077508483816065,1.111915242474546,0.7428717722365556,0.17448230802901873,1.1139309204187053,1,0
1.3406960753487889,1.3600666275785842,-0.17295195956930653,1.2992951565180932,0.3777420008091353,2.7062189229120652,0.8497328501293809,1.5505725223954976,0.9541047214488518,1.9260478037283828,-0.5163341119477812,0.6077508483816065,1.111915242474546,0.7428717722365556,0.17448230802901873,1.1139309204187053,1,0
1.3406960753487889,1.3600666275785842,-0.17295195956930653,1.2992951565180932,0.3777420008091353,2.7062189229120652,0.8497328501293809,1.5505725223954976,0.9541047214488518,1.9260478037283828,-0.5163341119477812,0.6077508483816065,1.111915242474546,0.7428717722365556,0.17448230802901873,1.1139309204187053,1,0
1.3406960753487889,2.2821456971233864,0.500566705971855,0.3131813594116192,-0.13507138210750932,1.212106659067211,0.48210015194164507,-0.05418667416973512,1.6042468767724,0.6202116198169383,0.4951149018677349,0.003920973215365287,0.21702685600673385,0.7428717722365556,0.9280973831330732,-0.45551652553856137,0,-1
0.2323953161251,-0.852923139328942,0.9597839779317376,-1.0315192730062999,-0.9042914564824762,-0.2820056047776434,0.7578246755824471,-1.0170421921088746,1.3441900146429853,0.4336635935438747,0.8452318681884907,-0.675387636346656,-0.09423866972120051,0.46961798340431915,0.8761239296776211,-1.0737837012186966,0,-1
0.047678522921147735,0.4379875580337813,-1.9792065626115125,-0.4936390200391322,2.0443854952882274,-0.7800430260592616,1.3276553577734387,0.3737491115809935,0.9541047214488518,-0.12598048527531575,-0.321824686214028,1.4380169267351879,1.1897316239065279,0.6517871759591435,1.2399381038657855,-0.5506345525662742,1,0
0.7865456957369403,1.7288982553965049,-0.41786783794791066,3.0025826242474576,1.2110637480486812,2.1085740173741234,0.6475348661261262,-0.10767864738857626,1.214161583578278,0.0605675409977479,-0.321824686214028,1.513495661130968,1.1897316239065279,0.9250409647913795,1.2399381038657855,-0.45551652553856137,1,0
0.32475371272707204,-0.2996756976020606,-0.47909680754256173,1.7475287006573994,0.7623520379966187,0.6144617535292692,0.7394430406730599,0.15978121870562928,0.9541047214488518,0.0605675409977479,-0.6330397673880328,1.513495661130968,1.345364386770495,0.6517871759591435,1.1100044702271548,-0.45551652553856137,0,1
0.047678522921147735,2.0977298832144258,-1.183229957881049,1.2992951565180932,0.7303012015643291,2.1085740173741234,-0.08773053024934638,1.0691447634259277,0.6940478593194371,0.6202116198169383,-1.0220586188555392,1.3625381923394078,1.267548005338513,1.0161255610687916,0.772177022766717,0.06763262311386081,0,1
-1.060622236302533,1.1756508136696235,-0.9383140795024447,2.0164688271409834,0.9226062201580694,1.1124991748108872,-0.639179577530951,2.6204119867723192,-0.6062364513276707,0.6202116198169383,-1.0998623891490402,0.6077508483816065,0.9562824796105788,0.46961798340431915,-0.16334513943141915,0.6383407852801398,0,1
-1.1529806329045131,-0.2996756976020606,-0.6321692315291895,1.6578819918295382,0.6661995286997471,1.3117141433235344,-0.8413775615342062,0.21327319192447042,-1.5164354687806336,-0.12598048527531575,-1.2554699297360428,0.8341870515689467,1.111915242474546,0.37853338712690726,-0.8390000343522961,0.733458812307853,0,1
-0.22939666688476834,1.5444824414875442,-0.5097112923398873,2.1061155359688444,0.7303012015643291,1.1124991748108872,-0.21640197461505462,0.6412089776751989,-1.3864070377159263,0.4336635935438747,-1.1387642742957909,0.985144520360507,1.111915242474546,0.37853338712690726,-0.9689336679909263,0.8761358528494223,1,0
-0.22939666688476834,1.5444824414875442,-0.5097112923398873,2.1061155359688444,0.7303012015643291,1.1124991748108872,-0.21640197461505462,0.6412089776751989,-1.3864070377159263,0.4336635935438747,-1.1387642742957909,0.985144520360507,1.111915242474546,0.37853338712690726,-0.9689336679909263,0.8761358528494223,1,0
1.3406960753487889,2.7201332551571675,-0.23418092916395764,1.4785885741738158,0.21748781864768454,1.212106659067211,-0.1428754349775073,0.5877170044563581,-0.8662933134570854,2.112595830001446,-1.06096050400229,0.9096657859647269,0.9562824796105788,0.5607025796817313,-1.0209071214463776,0.7810178258217096,1,0
1.3406960753487889,2.7201332551571675,-0.23418092916395764,1.4785885741738158,0.21748781864768454,1.212106659067211,-0.1428754349775073,0.5877170044563581,-0.8662933134570854,2.112595830001446,-1.06096050400229,0.9096657859647269,0.9562824796105788,0.5607025796817313,-1.0209071214463776,0.7810178258217096,1,0
1.3406960753487889,2.7201332551571675,-0.23418092916395764,1.4785885741738158,0.21748781864768454,1.212106659067211,-0.1428754349775073,0.5877170044563581,-0.8662933134570854,2.112595830001446,-1.06096050400229,0.9096657859647269,0.9562824796105788,0.5607025796817313,-1.0209071214463776,0.7810178258217096,1,0
1.3406960753487889,2.7201332551571675,-0.23418092916395764,1.4785885741738158,0.21748781864768454,1.212106659067211,-0.1428754349775073,0.5877170044563581,-0.8662933134570854,2.112595830001446,-1.06096050400229,0.9096657859647269,0.9562824796105788,0.5607025796817313,-1.0209071214463776,0.7810178258217096,1,0
1.2483376787468168,0.4379875580337813,0.7454825843504594,-0.762579146522716,-1.128647311508506,-1.0788654788282324,-0.3083101491619884,-0.6425983795769871,0.433990997190011,1.9260478037283828,-0.08841337533352449,0.9096657859647269,-0.09423866972120051,1.3804639461784403,-0.4232124067086795,-0.12260343094156535,0,-1
1.9872048515626013,0.8068191858517024,0.6230246451611572,-0.6729324376948547,-1.128647311508506,-1.0788654788282324,-0.6575612124403378,-0.6960903527958281,1.3441900146429853,1.7394997774553191,0.2617035909872314,0.45679337959004607,-0.5611369583131021,0.9250409647913795,-0.34525222652550197,-0.36039849851084815,0,-1
0.5094705059310243,0.4379875580337813,0.8373260387424362,-0.5832857288669934,-1.1606981479407985,-1.0788654788282324,-0.21640197461505462,0.21327319192447042,1.6042468767724,1.3664037249091923,0.7285262127482388,-0.5244301675550957,-1.1058516283369855,-0.4412279793698015,-0.31926549979777535,-0.5506345525662742,0,-1
0.6941872991349683,0.0691559302158605,0.8679405235397617,-0.5832857288669934,-0.7760881107533151,-0.38161308903396696,0.3718103424853241,0.9621608169882454,1.214161583578278,0.0605675409977479,1.039741293922244,-1.128260042721337,-0.638953339745084,-0.5323125756472137,0.7981637494944425,-0.26528047148313494,0,0
-0.22939666688476834,0.0691559302158605,-1.4893748058543042,0.13388794175589674,1.6597754581007467,-0.38161308903396696,0.48210015194164507,2.0320002813650673,0.8240762903841445,-0.12598048527531575,-0.2829228010672773,0.985144520360507,1.4620889589184713,0.6517871759591435,1.213951377138059,-0.12260343094156535,1,0
-1.6147726159143816,0.0691559302158605,-1.6730617146382574,0.4924747770673419,1.4033687666424244,-0.2820056047776434,-1.9075123862786416,0.42724108479983464,-0.4762080202629634,0.4336635935438747,-1.06096050400229,1.1361019891520672,1.4620889589184713,0.2874487908494951,-0.47518586016413156,1.9224341501542672,0,1
1.0636208855428646,-0.4840915115110211,0.8985550083370872,-0.8522258553505772,0.6341486922674575,0.5148542692729455,1.1989839134077303,-1.1240261385465569,1.6042468767724,-0.4990765378214425,0.7674280978949894,-0.5999089019508759,0.9173742888945879,-0.16797419053756527,1.3698717375044152,-1.1689017282464098,0,0
-0.5988302532926646,0.622403371942742,-0.47909680754256173,0.40282806823948053,0.602097855835168,0.4152467850166219,-1.1722469899031687,0.052797272267947004,0.17393413506059632,0.6202116198169383,-0.16621714562702536,0.985144520360507,0.7228333353146263,0.6517871759591435,-0.007424779065064087,0.9712538798771355,0,0
-1.8918478057203059,0.622403371942742,-1.2138444426783745,1.7475287006573994,1.0508095658872305,1.1124991748108872,-1.8156042117317075,1.4435885759578153,-1.1263501755865115,0.993307672363065,-1.0998623891490402,0.8341870515689467,1.111915242474546,0.46961798340431915,-1.0468938481741037,1.4468440150157011,1,0
-1.2453390295064852,0.622403371942742,-1.3056878970703512,0.8510616123787867,1.018758729454941,0.7140692377855927,-1.3928266088158108,1.7110484420520211,-0.7362648823923781,0.24711556727081127,-1.06096050400229,0.5322721139858263,1.150823433190537,0.105279598294671,-0.6570929472582144,1.0663719069048487,0,1
0.6941872991349683,-0.852923139328942,0.776097069147785,-0.045405475899825826,0.2815894915122637,-0.5808280575466143,1.125457373770183,-1.0170421921088746,0.6940478593194371,-1.43181666918676,1.0008394087754933,-0.9773025739297765,-0.833494293325042,-0.07688959426015333,0.9021106564053466,-0.9311066606771269,0,0
1.617771265154705,2.2821456971233864,0.6536391299584828,-0.4936390200391322,-0.8401897836178942,0.016816847991327454,0.07770418393513472,0.7481929241128812,1.214161583578278,0.4336635935438747,1.0008394087754933,-1.128260042721337,-1.1447598190529764,-1.0788201533116861,0.48632302876173117,-0.5506345525662742,0,0
0.9712624889408926,0.622403371942742,0.8679405235397617,-0.6729324376948547,-1.064545638643927,-0.9792579945719088,0.5004817868510315,0.21327319192447042,0.8240762903841445,-0.4990765378214425,1.039741293922244,-1.2792175115128972,-1.1836680097689674,-1.3520739421439225,0.7461902960389903,-0.503075539052418,0,-1
0.32475371272707204,-0.4840915115110211,0.9291694931344128,-0.8522258553505772,-1.0965964750762165,-1.0788654788282324,0.5188634217604188,-0.16117062060741724,1.214161583578278,0.4336635935438747,1.0008394087754933,-1.0527813083255566,-1.0280352469050003,-0.4412279793698015,0.46033630203400455,-0.6457525795939875,0,-1
-0.7835470464966169,-0.4840915115110211,-0.9076995947051192,-0.045405475899825826,0.9867078930226486,0.016816847991327454,-0.6024163077121774,-0.3216465402639405,-0.08612272706882987,0.6202116198169383,-0.4385303416542799,0.5322721139858263,0.6839251445986354,0.46961798340431915,-0.059398232520515,0.5432227582524266,0,1
-0.5988302532926646,0.4379875580337813,-0.6015547467318639,1.2096484476902318,0.5059453465382964,1.1124991748108872,-0.5472714029840172,0.8016848973317223,-1.1263501755865115,-0.6856245640945061,-0.9831567337087886,0.07939970761114527,1.0340988610425608,0.01419500201725883,-0.8909734878077481,-0.36039849851084815,0,1
-0.5064718566906926,-0.2996756976020606,-0.5097112923398873,1.2992951565180932,0.4418436736737144,1.6105365960925055,0.2615205330290031,-0.000694700950893981,-0.7362648823923781,-0.4990765378214425,-0.9053529634152874,0.5322721139858263,0.8784660981785934,0.37853338712690726,-0.6311062205304878,0.6383407852801398,0,1
1.3406960753487889,0.8068191858517024,0.8373260387424362,-0.762579146522716,-1.0965964750762165,-1.0788654788282324,0.07770418393513472,-0.37513851348278165,1.214161583578278,0.24711556727081127,1.0008394087754933,-1.2037387771171169,-1.2614843912009526,-1.3520739421439225,0.2524424882121963,-1.0737837012186966,0,-1
0.6941872991349683,-0.4840915115110211,0.9291694931344128,-0.8522258553505772,-1.0965964750762165,-1.0788654788282324,0.3718103424853241,-0.589106406358146,1.214161583578278,0.24711556727081127,1.0008394087754933,-1.0527813083255566,-1.2614843912009526,-1.2609893458665105,-0.21531859288687122,-0.45551652553856137,0,-1
0.32475371272707204,-0.852923139328942,0.9597839779317376,-1.0315192730062999,-0.48763058286270317,-0.5808280575466143,1.0886941039514093,-1.0170421921088746,0.5640194282547183,-0.12598048527531575,0.8841337533352414,-0.5244301675550957,-0.2498714325851677,0.2874487908494951,0.6942168425835383,-0.07504441742770875,0,0
2.2065560434923115,2.7201332551571675,0.4393377363772039,0.40282806823948053,-0.13507138210750932,-0.5808280575466143,0.42695524721348416,1.336604629520133,0.8240762903841445,2.578965895684105,0.10609605040022878,0.9096657859647269,-0.0164222882892152,0.7428717722365556,0.018561947662662524,0.8761358528494223,0,0
0.5094705059310243,-0.2996756976020606,0.8985550083370872,-0.8522258553505772,-0.6478847650241539,0.9132842062982401,0.44533688212287137,0.26676516514331156,0.6940478593194371,-0.4990765378214425,1.0008394087754933,-1.128260042721337,-0.7556779118930602,-0.35014338309238957,0.9800708365885252,-0.6933115931078441,0,0
0.32475371272707204,-1.0373389532379025,0.9597839779317376,-1.0315192730062999,-1.000443965779345,-0.38161308903396696,0.3718103424853241,0.6412089776751989,0.9541047214488518,0.24711556727081127,0.9619375236287427,-0.9018238395339964,-1.1447598190529764,-0.9877355570342742,0.4083628485785525,-0.17016244445542197,0,-1
0.047678522921147735,-1.0373389532379025,0.9597839779317376,-1.0315192730062999,-1.000443965779345,-0.7800430260592616,0.7026797708542862,-0.8565662724523514,0.9541047214488518,-0.8721725903675696,0.8841337533352414,-0.7508663707424361,0.10030228385876105,0.2874487908494951,1.1100044702271548,-1.0262246877048402,0,-1
-1.5224142193124095,0.2535717441248209,-0.9383140795024447,1.7475287006573994,0.6982503651320366,1.909359048861476,-1.6869327673659997,0.052797272267947004,0.30396256612530365,2.578965895684105,-0.5163341119477812,0.985144520360507,1.073007051758555,0.5607025796817313,-0.4232124067086795,1.8748751366404106,0,1
1.1559792821448367,0.4379875580337813,0.8067115539451105,-0.5832857288669934,0.31364032794455327,0.8136767220419164,0.9048777548575418,-0.16117062060741724,1.214161583578278,-0.12598048527531575,0.8841337533352414,-0.675387636346656,0.06139409314276666,0.9250409647913795,0.9280973831330732,-0.8835476471632704,0,0
-0.04467987368082429,0.4379875580337813,-0.8158561403131425,0.13388794175589674,1.1149112387518096,0.31563930076029845,0.31666543775716316,0.8016848973317223,0.433990997190011,-0.6856245640945061,0.4951149018677349,0.3813146451942659,-0.17205505115318237,0.5607025796817313,0.9280973831330732,-0.5981935660801309,0,0
0.6018289025329963,-0.6685073254199816,0.5311811907691806,0.4924747770673419,0.4418436736737144,1.7101440803488293,1.1438390086795702,-0.37513851348278165,-1.7764923309100598,0.806759646090002,-1.2943718148827934,1.4380169267351879,1.306456196054504,0.7428717722365556,-1.6965620163672541,1.7797571096126974,0,0
0.14003691952312797,-1.0373389532379025,0.9597839779317376,-1.0315192730062999,-1.0965964750762165,-0.9792579945719088,0.9600226595857019,-1.2310100849842391,0.30396256612530365,-0.12598048527531575,0.7285262127482388,0.45679337959004607,-0.600045149029093,0.46961798340431915,0.6162566624003608,0.8285768393355657,0,0
0.8789040923389205,-1.0373389532379025,0.7454825843504594,-0.2246988935555484,0.6661995286997471,0.016816847991327454,1.2725104530452778,-0.9635502188900337,0.9541047214488518,-0.6856245640945061,0.4951149018677349,0.07939970761114527,0.45047600030268636,0.105279598294671,1.2659248305935111,-0.7884296201355572,0,0
0.32475371272707204,-0.852923139328942,0.7454825843504594,-0.045405475899825826,-0.1671222185397989,0.4152467850166219,1.0886941039514093,-0.8030742992335103,0.5640194282547183,-0.31252851154837913,0.30060547613398203,0.30583591079848566,0.21702685600673385,0.46961798340431915,0.7461902960389903,0.02007360960000447,0,0
-1.9842062023222777,2.0977298832144258,-2.0098210474088383,1.2096484476902318,1.6918262945330362,1.3117141433235344,-1.521498053181518,2.6204119867723192,-0.2161511581335372,1.1798556986361286,-0.16621714562702536,1.664453129922528,0.37265961887070104,1.2893793499010282,0.3563893951231004,1.5419620420434144,0,0
-2.1342885968004883,-0.852923139328942,-2.3771948649767443,-0.8522258553505772,2.0443854952882274,-0.879650510315585,-2.532487973197793,-0.9100582456711925,-0.9963217445218042,1.7394997774553191,-1.0220586188555392,2.041846801901429,0.9173742888945879,1.6537177350106764,-0.5531460403473103,2.588260339348259,0,1
2.0795632481645816,2.7201332551571675,0.7454825843504594,0.13388794175589674,-0.07096970924292732,2.208181501630447,0.5740083264885788,0.42724108479983464,1.0841331525135591,0.993307672363065,0.7674280978949894,-0.22251522997197512,-0.2109632418691733,0.46961798340431915,1.2659248305935111,-0.7884296201355572,0,0
0.5094705059310243,-0.6685073254199816,0.6842536147558084,-0.045405475899825826,0.15338614578310256,1.3117141433235344,1.1622206435889566,-0.9635502188900337,0.8240762903841445,-0.12598048527531575,0.923035638481992,-0.7508663707424361,-0.3665960047331405,0.01419500201725883,1.1359911969548815,-1.0737837012186966,0,0
0.047678522921147735,-0.11525988369310015,-0.47909680754256173,0.8510616123787867,0.4418436736737144,-0.18239812052131982,-0.23478360952444105,1.229620683082451,-0.2161511581335372,0.0605675409977479,-0.4774322268010306,1.4380169267351879,0.7617415260306207,0.6517871759591435,-0.21531859288687122,1.5419620420434144,0,1
-0.1370382702827963,0.0691559302158605,-0.5403257771372129,0.6717681947230643,0.4418436736737144,0.21603181650397474,-0.1428754349775073,0.69470095089404,-0.34617958919824454,0.0605675409977479,-0.9831567337087886,0.985144520360507,0.9951906703265697,0.2874487908494951,-0.6570929472582144,1.2566079609602752,1,0
-2.07656459892425,-0.4840915115110211,-1.7955196538275595,0.0442412329280354,1.563622948803875,-0.18239812052131982,-1.5950245928190656,0.9086688437694046,-1.1263501755865115,0.24711556727081127,-1.4110774703230453,0.5322721139858263,1.111915242474546,0.2874487908494951,-1.150840755085008,0.5432227582524266,0,1
1.3406960753487889,0.622403371942742,0.776097069147785,-0.4936390200391322,-1.0965964750762165,-0.9792579945719088,0.05932254902574829,0.42724108479983464,0.8240762903841445,-0.12598048527531575,0.7674280978949894,-0.22251522997197512,-0.9502188654730183,0.2874487908494951,0.12250885457356667,-0.45551652553856137,0,-1
0.5094705059310243,0.0691559302158605,0.8985550083370872,-0.8522258553505772,-1.128647311508506,-1.0788654788282324,0.2431388981196158,-0.589106406358146,1.0841331525135591,-0.31252851154837913,1.0008394087754933,-1.2037387771171169,-1.2614843912009526,-1.3520739421439225,0.17448230802901873,-0.6457525795939875,0,-1
0.7865456957369403,0.2535717441248209,0.8373260387424362,-0.4936390200391322,-1.0965964750762165,-0.9792579945719088,0.2982838028477767,0.052797272267947004,0.433990997190011,-0.8721725903675696,1.039741293922244,-1.128260042721337,-1.2614843912009526,-1.3520739421439225,0.6162566624003608,-0.9786656741909835,0,-1
0.047678522921147735,-1.0373389532379025,0.9597839779317376,-1.0315192730062999,-1.000443965779345,-0.7800430260592616,0.9600226595857019,-1.0170421921088746,0.433990997190011,-0.8721725903675696,1.0786431790689948,-1.2792175115128972,-1.2614843912009526,-1.5342431346987468,0.7981637494944425,-0.9311066606771269,0,-1
-0.875905443098589,-0.2996756976020606,-1.0301575338944213,-0.13505218472768704,0.9546570565903589,-0.08279063626499612,-1.0619571804468477,0.7481929241128812,0.04390570399587745,-0.12598048527531575,-0.1273152604802747,0.3813146451942659,0.1781186652907429,0.2874487908494951,-0.03341150579278954,0.49566374473857,0,0
-2.1342885968004883,-0.2996756976020606,-1.8567486234222108,0.0442412329280354,1.787978803829905,-0.18239812052131982,-1.870749116459868,1.17612870986361,-2.0365491930394746,0.0605675409977479,-1.6055868960567985,0.6832295827773863,1.5009971496344623,0.2874487908494951,-1.670575289639528,0.9236948663632789,0,1
0.32475371272707204,-1.0373389532379025,0.9903984627290632,-1.0315192730062999,-1.0965964750762165,-1.0788654788282324,0.7578246755824471,-0.9635502188900337,0.433990997190011,-1.43181666918676,1.0786431790689948,-1.128260042721337,-1.0669434376209945,-0.8966509607568621,0.9800708365885252,-0.9786656741909835,0,0
0.14003691952312797,-1.2217547671468632,0.9903984627290632,-1.0315192730062999,-1.0965964750762165,-0.9792579945719088,0.9784042944950891,-1.1240261385465569,0.17393413506059632,-1.43181666918676,1.0786431790689948,-1.2037387771171169,-1.1836680097689674,-0.9877355570342742,0.9280973831330732,-0.9786656741909835,0,-1
-1.8918478057203059,0.9912349997606628,-1.3975313514623278,1.7475287006573994,1.2431145844809708,1.4113216275798581,-2.017802195734962,0.6412089776751989,-0.9963217445218042,0.6202116198169383,-0.20511903077377602,1.664453129922528,0.10030228385876105,1.5626331387332641,-0.24130531961459784,2.1602292177235496,0,1
-1.060622236302533,0.0691559302158605,-1.122000988286398,0.6717681947230643,1.08286040231952,0.31563930076029845,-0.749469386987272,0.5877170044563581,-0.7362648823923781,0.4336635935438747,-1.0220586188555392,0.7587083171731664,1.1897316239065279,0.1963641945720829,-0.5531460403473103,0.733458812307853,0,1
-0.5988302532926646,1.7288982553965049,-1.2750734122730254,1.2096484476902318,1.146962075184102,0.8136767220419164,-0.9332857360811403,0.8551768705505635,-1.5164354687806336,0.24711556727081127,-1.527783125763297,0.30583591079848566,1.306456196054504,0.01419500201725883,-1.6965620163672541,-0.07504441742770875,0,1
0.14003691952312797,-1.0373389532379025,0.9597839779317376,-0.9418725641784386,-0.9683931293470553,-0.38161308903396696,0.8864961199481546,-0.7495823260146692,0.5640194282547183,0.0605675409977479,0.2617035909872314,0.6832295827773863,-0.2498714325851677,1.2893793499010282,0.46033630203400455,-0.36039849851084815,0,-1
0.14003691952312797,-1.0373389532379025,0.9903984627290632,-1.0315192730062999,-1.064545638643927,-1.0788654788282324,0.8313512152199944,-1.1240261385465569,0.17393413506059632,-1.6183646954598236,1.1564469493624951,-1.4301749803044572,-1.2614843912009526,-1.4431585384213346,0.9540841098607986,-1.6444918633849754,0,-1
0.14003691952312797,-1.0373389532379025,0.9903984627290632,-1.0315192730062999,-0.9363422929147658,-0.879650510315585,1.0335491992232493,-1.177518111765398,0.17393413506059632,-1.6183646954598236,1.1564469493624951,-1.5056537147002376,-1.1058516283369855,-1.4431585384213346,1.2399381038657855,-1.7396098904126884,0,0
-1.6147726159143816,-0.4840915115110211,-1.4893748058543042,0.40282806823948053,1.2751654209132632,0.21603181650397474,-2.256763449556991,-0.48212245992046376,-0.8662933134570854,0.4336635935438747,-0.5552359970945319,1.8154105987140885,0.45047600030268636,1.471548542455852,-0.81301330762457,2.4455832988066892,0,0
-1.6147726159143816,-0.4840915115110211,-1.6424472298409318,-0.4039923112112708,1.499521275939293,-0.6804355418029379,-2.017802195734962,-0.16117062060741724,-1.2563786066512188,0.4336635935438747,-0.9053529634152874,1.7399318643183084,0.7228333353146263,1.471548542455852,-1.20281420854046,2.350465271778976,0,1
0.417112109329044,-0.852923139328942,0.9291694931344128,-0.9418725641784386,-1.0965964750762165,-1.0788654788282324,0.5188634217604188,-0.7495823260146692,0.6940478593194371,-1.2452686429136965,1.0786431790689948,-1.3546962459086773,-1.2614843912009526,-1.3520739421439225,0.38237612185082703,-1.0737837012186966,0,0
0.7865456957369403,-0.11525988369310015,0.9291694931344128,-0.9418725641784386,-1.064545638643927,-0.9792579945719088,0.44533688212287137,-0.9100582456711925,0.5640194282547183,-0.8721725903675696,1.0786431790689948,-1.2792175115128972,-1.3003925819169435,-1.6253277309761587,0.4343495753062791,-0.8835476471632704,0,-1
0.14003691952312797,-1.0373389532379025,0.9903984627290632,-1.0315192730062999,-1.0965964750762165,-1.0788654788282324,0.9967859294044756,-0.9100582456711925,0.30396256612530365,-1.43181666918676,1.1175450642157445,-1.2037387771171169,-1.2614843912009526,-1.3520739421439225,0.9280973831330732,-1.0737837012186966,0,-1
-1.9842062023222777,-0.11525988369310015,-2.0404355322061636,-0.31434560238340964,1.8200296402621974,0.016816847991327454,-1.1906286248125555,1.5505725223954976,-0.7362648823923781,0.24711556727081127,-0.6719416525347834,1.513495661130968,0.9173742888945879,1.0161255610687916,-0.03341150579278954,0.5907817717662832,0,1
0.32475371272707204,-1.0373389532379025,0.9903984627290632,-1.0315192730062999,-1.0965964750762165,-1.0788654788282324,0.8313512152199944,-1.1240261385465569,0.433990997190011,-1.43181666918676,1.1564469493624951,-1.5056537147002376,-1.2614843912009526,-1.3520739421439225,0.9540841098607986,-1.4542558093295492,0,0
0.047678522921147735,-1.0373389532379025,0.9597839779317376,-1.0315192730062999,-1.128647311508506,-1.0788654788282324,0.7394430406730599,-1.0705341653277158,0.04390570399587745,-1.43181666918676,1.1175450642157445,-1.3546962459086773,-1.3003925819169435,-1.5342431346987468,0.7981637494944425,-1.2164607417602662,0,-1
-0.3217550634867486,-0.4840915115110211,-0.6321692315291895,1.2992951565180932,0.8264537108611978,1.0128916905545635,0.3718103424853241,1.0156527902070867,-0.9963217445218042,-0.6856245640945061,-1.0998623891490402,-0.1470364955761951,1.111915242474546,-0.35014338309238957,-0.9169602145354742,-0.027485403913852142,0,0
-0.4141134600887206,0.0691559302158605,-0.3872533531505854,0.4924747770673419,0.9226062201580694,0.21603181650397474,0.22475726321022937,-0.05418667416973512,-0.7362648823923781,-0.6856245640945061,-0.9053529634152874,0.1548784420069255,1.111915242474546,-0.07688959426015333,-0.6051194938027623,0.21030966365543063,0,1
-0.968263839700561,0.4379875580337813,-1.3363023818676767,0.582121485895203,1.435419603074714,-0.5808280575466143,-0.47374486334646987,2.0854922545839085,-0.9963217445218042,-0.31252851154837913,-1.2943718148827934,0.45679337959004607,1.4231807682024804,0.01419500201725883,-0.18933186615914577,0.3529867041970002,0,1
-0.1370382702827963,0.9912349997606628,-0.6627837163265151,1.4785885741738158,0.6341486922674575,0.8136767220419164,-0.03258562552118629,2.0320002813650673,-1.2563786066512188,0.24711556727081127,-1.527783125763297,0.30583591079848566,1.4620889589184713,-0.07688959426015333,-1.0728805749018298,1.0188128933909921,1,0
0.14003691952312797,-1.0373389532379025,0.9597839779317376,-1.0315192730062999,-1.064545638643927,-0.9792579945719088,1.125457373770183,-1.0170421921088746,0.04390570399587745,-1.6183646954598236,1.1175450642157445,-1.4301749803044572,-1.3003925819169435,-1.6253277309761587,1.1879646504103336,-1.6444918633849754,0,0
0.14003691952312797,-1.0373389532379025,0.9903984627290632,-1.0315192730062999,-1.000443965779345,-0.879650510315585,1.1622206435889566,-1.1240261385465569,0.17393413506059632,-1.6183646954598236,1.1175450642157445,-1.4301749803044572,-1.2614843912009526,-1.5342431346987468,1.213951377138059,-1.5969328498711188,0,-1
0.047678522921147735,-1.0373389532379025,0.9903984627290632,-0.9418725641784386,-1.0965964750762165,-0.9792579945719088,1.0335491992232493,-0.8565662724523514,0.04390570399587745,-1.6183646954598236,1.1564469493624951,-1.4301749803044572,-1.2614843912009526,-1.4431585384213346,1.0580310167717029,-1.4066967958156926,0,-1
-1.4300558227104292,0.4379875580337813,-1.3363023818676767,0.4924747770673419,1.08286040231952,0.5148542692729455,-2.14647364010067,0.4807330580186758,-0.7362648823923781,0.4336635935438747,-0.3607265713607786,1.513495661130968,0.13921047457475197,1.5626331387332641,-0.4232124067086795,2.3029062582651196,0,0
0.417112109329044,0.622403371942742,0.1944218579985998,1.1200017388623706,-0.19917305497208845,1.0128916905545635,0.11446745375390838,2.245968174240432,-1.6464638998453525,0.6202116198169383,-1.527783125763297,0.9096657859647269,1.306456196054504,0.8339563685139678,-2.1123496440108704,1.3041669744741318,0,0
0.8789040923389205,1.5444824414875442,0.7148680995531339,0.0442412329280354,-0.5196814192949928,0.7140692377855927,0.9600226595857019,-0.48212245992046376,0.433990997190011,-0.12598048527531575,0.7674280978949894,-0.4489514331593155,-0.3665960047331405,0.46961798340431915,1.1879646504103336,-1.3115787687879794,0,0
-1.5224142193124095,0.4379875580337813,-1.5199892906516297,0.7614149035509257,1.5315721123715855,0.016816847991327454,-1.650169497547226,1.4970805491766566,-2.1665776241041934,-0.31252851154837913,-1.9946057475243042,-0.07155776118041492,1.6177217217824384,-0.4412279793698015,-2.5021505449267605,0.4481047312247134,0,0
0.14003691952312797,-1.2217547671468632,0.9597839779317376,-1.0315192730062999,-1.000443965779345,-0.879650510315585,1.0335491992232493,-1.177518111765398,-0.34617958919824454,0.0605675409977479,-0.16621714562702536,0.9096657859647269,0.13921047457475197,1.198294753623616,0.04454867439038798,0.4481047312247134,0,0
-1.4300558227104292,-0.4840915115110211,-1.6424472298409318,0.3131813594116192,1.4033687666424244,0.31563930076029845,-1.760459307003547,-0.5356144331393049,-1.2563786066512188,0.0605675409977479,-0.944254848562038,1.4380169267351879,0.7228333353146263,1.2893793499010282,-1.254787661995912,1.4944030285295578,0,0
0.14003691952312797,-0.852923139328942,0.9291694931344128,-0.8522258553505772,-1.0965964750762165,-1.0788654788282324,0.5372450566698052,-0.7495823260146692,0.04390570399587745,-0.31252851154837913,0.30060547613398203,0.6832295827773863,-0.2498714325851677,0.9250409647913795,0.2264557614844708,0.21030966365543063,0,0
0.047678522921147735,-1.2217547671468632,0.9597839779317376,-1.0315192730062999,-1.000443965779345,-0.7800430260592616,1.0886941039514093,-1.1240261385465569,-0.34617958919824454,-0.12598048527531575,-0.08841337533352449,1.2115807235478473,0.10030228385876105,1.2893793499010282,0.04454867439038798,1.2090489474464186,0,0
0.417112109329044,-1.0373389532379025,0.9597839779317376,-1.0315192730062999,-0.6158339285918644,-0.38161308903396696,0.8864961199481546,-0.9100582456711925,0.04390570399587745,-0.31252851154837913,0.4951149018677349,0.23035717640270567,-0.2109632418691733,0.46961798340431915,0.09652212784584005,0.21030966365543063,0,0
-1.4300558227104292,0.622403371942742,-1.3669168666650022,2.195762244796706,1.146962075184102,2.407396470143094,-1.1906286248125555,1.6040644956143388,-0.7362648823923781,0.4336635935438747,-0.6330397673880328,1.588974395526748,0.7228333353146263,1.471548542455852,-0.2672920463423233,1.3517259879879884,0,0
0.14003691952312797,-1.0373389532379025,0.9903984627290632,-1.0315192730062999,-1.0965964750762165,-1.0788654788282324,0.8313512152199944,-0.9635502188900337,0.17393413506059632,-1.6183646954598236,1.1175450642157445,-1.2037387771171169,-1.2614843912009526,-1.3520739421439225,0.9540841098607986,-1.3115787687879794,0,0
0.8789040923389205,0.0691559302158605,0.4087232515798783,0.0442412329280354,0.21748781864768454,0.4152467850166219,0.9600226595857019,-0.589106406358146,0.433990997190011,-0.6856245640945061,0.3784092464274829,0.003920973215365287,0.21702685600673385,0.01419500201725883,0.6942168425835383,-0.9786656741909835,0,0
-2.1342885968004883,-0.11525988369310015,-1.764905169030234,0.6717681947230643,1.5956737852361647,0.31563930076029845,-2.1097103702818965,-0.6425983795769871,-1.5164354687806336,0.806759646090002,-1.527783125763297,0.7587083171731664,1.4231807682024804,0.105279598294671,-1.3847212956345423,1.827316123126554,0,1
-0.6911886498946449,0.9912349997606628,-1.3056878970703512,0.582121485895203,1.08286040231952,0.31563930076029845,-1.3376817040876503,0.69470095089404,-1.3864070377159263,0.4336635935438747,-1.2554699297360428,1.1361019891520672,1.111915242474546,0.7428717722365556,-1.4626814758177202,1.1139309204187053,0,0
0.047678522921147735,-1.2217547671468632,0.9597839779317376,-1.0315192730062999,-1.064545638643927,-0.9792579945719088,0.8681144850387682,-1.1240261385465569,-0.4762080202629634,-0.12598048527531575,0.14499793554697943,1.2115807235478473,-0.3276878140171496,1.471548542455852,0.09652212784584005,0.9712538798771355,0,0
0.32475371272707204,-0.852923139328942,0.9597839779317376,-1.0315192730062999,-0.6799356014564435,-0.2820056047776434,1.070312469042023,-0.7495823260146692,1.4742184457076926,2.2991438562745095,1.0008394087754933,-0.7508663707424361,-0.638953339745084,0.105279598294671,1.1359911969548815,-1.1213427147325532,0,0
-0.22939666688476834,0.0691559302158605,-0.41786783794791066,0.40282806823948053,0.7944028744289082,-0.38161308903396696,0.04094091411636105,0.6412089776751989,-0.4762080202629634,-0.6856245640945061,-0.7886473079750353,0.3813146451942659,0.8006497167466117,-0.2590587868149774,-0.34525222652550197,0.30542769068314385,0,0
-0.5064718566906926,-0.2996756976020606,-1.0607720186917469,1.5682352830016768,1.018758729454941,1.3117141433235344,-0.34507341898076205,0.26676516514331156,-1.3864070377159263,-0.12598048527531575,-1.3721755851762947,0.5322721139858263,1.267548005338513,0.1963641945720829,-1.6186018361840766,0.6383407852801398,0,1
-1.6147726159143816,1.1756508136696235,-1.3363023818676767,1.4785885741738158,1.2110637480486812,1.4113216275798581,-1.3928266088158108,2.8878718528665246,-0.4762080202629634,0.24711556727081127,0.3784092464274829,1.1361019891520672,-0.5611369583131021,1.2893793499010282,0.09652212784584005,1.161489933932562,0,0
-0.5064718566906926,-0.4840915115110211,-0.8770851099077936,0.13388794175589674,0.8264537108611978,-0.2820056047776434,-0.5288897680746304,0.4807330580186758,0.30396256612530365,0.4336635935438747,0.30060547613398203,0.7587083171731664,-0.5222287675971077,0.7428717722365556,0.33040266839537497,-0.027485403913852142,0,1
0.14003691952312797,-1.2217547671468632,0.9597839779317376,-1.0315192730062999,-1.0965964750762165,-1.0788654788282324,0.8681144850387682,-1.0705341653277158,0.17393413506059632,-1.6183646954598236,1.1175450642157445,-1.5056537147002376,-1.3003925819169435,-1.6253277309761587,0.9540841098607986,-1.359137782301836,0,-1
-0.04467987368082429,-0.852923139328942,0.9597839779317376,-1.0315192730062999,-1.0965964750762165,-0.9792579945719088,0.6842981359448999,-0.8565662724523514,0.04390570399587745,-1.6183646954598236,1.1175450642157445,-1.5056537147002376,-1.3003925819169435,-1.6253277309761587,0.9021106564053466,-1.5969328498711188,0,-1
-0.6911886498946449,0.2535717441248209,-0.29540989875860874,2.0164688271409834,0.5059453465382964,1.909359048861476,-0.4002183237089226,2.1389842278027493,-0.2161511581335372,-0.6856245640945061,0.7285262127482388,0.3813146451942659,-0.7556779118930602,0.6517871759591435,0.7461902960389903,0.30542769068314385,0,0
-1.4300558227104292,0.622403371942742,-1.7955196538275595,0.0442412329280354,1.4674704395070035,-0.2820056047776434,-2.14647364010067,-0.589106406358146,-1.6464638998453525,-0.31252851154837913,-1.6833906663502998,0.003920973215365287,1.384272577486486,-0.5323125756472137,-2.0603761905554188,0.6383407852801398,0,0
0.7865456957369403,1.1756508136696235,0.8679405235397617,-0.4936390200391322,-1.0965964750762165,-0.9792579945719088,0.39019197739471045,-0.21466259382625838,0.5640194282547183,-0.4990765378214425,1.0786431790689948,-1.2792175115128972,-1.3003925819169435,-1.5342431346987468,0.7981637494944425,-0.8359886336494138,0,0
0.14003691952312797,-0.852923139328942,0.9597839779317376,-1.0315192730062999,-1.0965964750762165,-1.0788654788282324,0.6659165010355126,-0.9100582456711925,0.433990997190011,-1.2452686429136965,1.1175450642157445,-1.4301749803044572,-1.3003925819169435,-1.7164123272535707,0.5382964822171832,-1.2164607417602662,0,0
0.6941872991349683,0.622403371942742,0.8985550083370872,-0.762579146522716,-1.064545638643927,-0.9792579945719088,0.42695524721348416,-0.8030742992335103,0.433990997190011,-0.6856245640945061,1.1175450642157445,-1.3546962459086773,-1.3003925819169435,-1.6253277309761587,0.7981637494944425,-1.4066967958156926,0,-1
0.047678522921147735,-1.0373389532379025,0.9597839779317376,-1.0315192730062999,-1.0965964750762165,-0.9792579945719088,0.8681144850387682,-1.2310100849842391,0.17393413506059632,-1.2452686429136965,1.1175450642157445,-1.4301749803044572,-1.2614843912009526,-1.3520739421439225,0.8501372029498945,-0.7884296201355572,0,-1
-0.5064718566906926,-0.4840915115110211,-1.0607720186917469,0.9407083212066482,1.2751654209132632,0.4152467850166219,-0.19802033970566738,-0.21466259382625838,-1.3864070377159263,-0.4990765378214425,-1.5666850109100479,0.30583591079848566,1.5399053403504532,0.01419500201725883,-1.280774388723638,0.3529867041970002,0,1
-0.22939666688476834,-0.6685073254199816,-0.14233747477198097,1.2096484476902318,0.5059453465382964,0.6144617535292692,0.02255927920697462,0.9621608169882454,-0.6062364513276707,-1.058720616640633,-0.7497454228282847,0.5322721139858263,0.9951906703265697,0.2874487908494951,-0.4491991334364061,-0.40795751202470476,0,1
-0.875905443098589,-0.2996756976020606,-1.1526154730837235,-0.31434560238340964,1.1790129116163917,-0.48122057329029067,-0.9516673709905271,0.15978121870562928,-0.8662933134570854,-0.31252851154837913,-1.1776661594425415,0.23035717640270567,1.111915242474546,0.01419500201725883,-0.8649867610800221,0.16275065014157403,0,1
-0.5064718566906926,-0.11525988369310015,-1.122000988286398,0.0442412329280354,1.1790129116163917,0.016816847991327454,-0.38183668879953575,0.534225031237517,-1.1263501755865115,-0.6856245640945061,-1.449979355469796,0.003920973215365287,1.306456196054504,0.01419500201725883,-1.176827481812734,-0.027485403913852142,0,1
0.047678522921147735,-0.852923139328942,0.9597839779317376,-1.0315192730062999,-1.0965964750762165,-0.9792579945719088,0.9784042944950891,-0.9635502188900337,-0.08612272706882987,-0.6856245640945061,0.22280170584048073,0.985144520360507,-0.4055041954491349,1.2893793499010282,0.30441594166764835,0.21030966365543063,0,-1
0.14003691952312797,-1.0373389532379025,0.9597839779317376,-1.0315192730062999,-1.0965964750762165,-1.0788654788282324,0.8313512152199944,-0.8565662724523514,0.04390570399587745,-0.8721725903675696,0.5340167870144855,0.6832295827773863,-0.6778615304610749,0.9250409647913795,0.5123097554894566,-0.07504441742770875,0,-1
0.047678522921147735,-1.0373389532379025,0.9597839779317376,-1.0315192730062999,-1.0324948022116374,-0.879650510315585,1.070312469042023,-1.1240261385465569,0.17393413506059632,-1.6183646954598236,1.1175450642157445,-1.4301749803044572,-1.2614843912009526,-1.4431585384213346,0.9280973831330732,-1.0737837012186966,0,0
0.14003691952312797,-0.852923139328942,0.9597839779317376,-1.0315192730062999,-1.0965964750762165,-1.0788654788282324,0.2982838028477767,-0.9100582456711925,0.17393413506059632,0.24711556727081127,0.5729186721612362,0.5322721139858263,-0.7167697211770693,0.6517871759591435,0.17448230802901873,0.30542769068314385,0,0
-0.04467987368082429,-1.0373389532379025,0.9597839779317376,-1.0315192730062999,-1.064545638643927,-0.9792579945719088,0.9416410246763155,-1.177518111765398,0.04390570399587745,-1.6183646954598236,1.1175450642157445,-1.5056537147002376,-1.2225762004849616,-1.3520739421439225,1.1100044702271548,-1.5493738363572622,0,0
-0.5064718566906926,0.9912349997606628,-1.183229957881049,0.6717681947230643,1.1790129116163917,0.8136767220419164,-0.8046142917154325,1.4970805491766566,0.04390570399587745,0.0605675409977479,-0.20511903077377602,0.6832295827773863,0.21702685600673385,0.9250409647913795,0.33040266839537497,0.49566374473857,0,0
0.2323953161251,-1.2217547671468632,0.9597839779317376,-1.0315192730062999,-1.064545638643927,-0.9792579945719088,0.9967859294044756,-1.0170421921088746,0.17393413506059632,-0.31252851154837913,0.4951149018677349,0.1548784420069255,-0.48332057688111674,0.37853338712690726,0.38237612185082703,0.30542769068314385,0,0
-1.2453390295064852,-0.11525988369310015,-1.2138444426783745,1.6578819918295382,1.0508095658872305,0.7140692377855927,-1.3928266088158108,1.336604629520133,-1.3864070377159263,0.0605675409977479,-0.7108435376815341,1.7399318643183084,0.411567809586692,1.6537177350106764,-1.0468938481741037,1.7321980960988408,0,0
-0.4141134600887206,-0.11525988369310015,-0.20356644436663207,0.2235346505837581,0.4738945101060068,0.5148542692729455,0.18799399339145573,-0.10767864738857626,-0.08612272706882987,-1.058720616640633,0.7285262127482388,-0.1470364955761951,-0.7945861026090512,0.2874487908494951,0.6422433891280862,-0.8359886336494138,0,0
0.047678522921147735,-0.852923139328942,0.9597839779317376,-1.0315192730062999,-1.064545638643927,-0.879650510315585,1.125457373770183,-0.9100582456711925,0.30396256612530365,-1.43181666918676,1.1175450642157445,-1.5056537147002376,-1.2614843912009526,-1.6253277309761587,1.1619779236826069,-1.4542558093295492,0,0
0.047678522921147735,-0.852923139328942,0.9597839779317376,-1.0315192730062999,-1.0324948022116374,-0.7800430260592616,1.1438390086795702,-1.0170421921088746,0.30396256612530365,-1.43181666918676,1.1175450642157445,-1.4301749803044572,-1.1836680097689674,-1.2609893458665105,1.2399381038657855,-1.5018148228434056,0,0
0.14003691952312797,-0.6685073254199816,0.8985550083370872,-0.6729324376948547,-0.9683931293470553,-0.6804355418029379,0.8497328501293809,-1.0170421921088746,0.04390570399587745,-1.2452686429136965,0.9619375236287427,-0.9018238395339964,-1.1058516283369855,-1.2609893458665105,0.8761239296776211,-0.7408706066217007,0,0
0.14003691952312797,-1.0373389532379025,0.9291694931344128,-0.9418725641784386,-0.9363422929147658,-0.48122057329029067,1.1989839134077303,-0.8565662724523514,0.04390570399587745,-0.31252851154837913,0.5340167870144855,0.6077508483816065,-0.638953339745084,0.7428717722365556,0.5902699356726353,0.6383407852801398,0,0
0.2323953161251,-1.0373389532379025,0.9597839779317376,-1.0315192730062999,-1.064545638643927,-0.9792579945719088,0.9967859294044756,-1.177518111765398,0.30396256612530365,-1.6183646954598236,1.1175450642157445,-1.5056537147002376,-1.2225762004849616,-1.5342431346987468,1.1100044702271548,-1.4542558093295492,0,0
0.32475371272707204,-1.0373389532379025,0.9597839779317376,-1.0315192730062999,-1.0965964750762165,-1.0788654788282324,0.5923899613979653,-1.1240261385465569,0.30396256612530365,-1.6183646954598236,1.1175450642157445,-1.5056537147002376,-1.3003925819169435,-1.6253277309761587,0.9021106564053466,-1.4066967958156926,0,-1
0.2323953161251,-1.0373389532379025,0.9597839779317376,-1.0315192730062999,-0.5517322557272824,-0.48122057329029067,1.070312469042023,-1.2310100849842391,0.5640194282547183,-1.43181666918676,0.9619375236287427,-0.8263451051382164,-0.4444123861651258,-0.07688959426015333,1.2659248305935111,-1.4066967958156926,0,1
0.047678522921147735,-1.0373389532379025,0.9597839779317376,-1.0315192730062999,-0.7440372743210226,-0.5808280575466143,1.0886941039514093,-1.177518111765398,0.433990997190011,-1.43181666918676,1.1175450642157445,-1.4301749803044572,-0.7945861026090512,-1.0788201533116861,1.2919115573212365,-1.5493738363572622,0,1
