model,split,actual,predicted,residual
DFlow_master_forward,train,0,0.32208261934837873,-0.32208261934837873
DFlow_master_forward,train,0,0.03481073194169347,-0.03481073194169347
DFlow_master_forward,train,1,0.020140392915997687,0.9798596070840023
DFlow_master_forward,train,0,-0.0627585951106031,0.0627585951106031
DFlow_master_forward,train,0,-0.09819221843147392,0.09819221843147392
DFlow_master_forward,train,0,-0.05455198177729735,0.05455198177729735
DFlow_master_forward,train,1,0.2899857527131885,0.7100142472868115
DFlow_master_forward,train,1,0.3020538993363089,0.6979461006636911
DFlow_master_forward,train,0,0.1935275835525117,-0.1935275835525117
DFlow_master_forward,train,-1,0.04640620977435554,-1.0464062097743556
DFlow_master_forward,train,0,0.17461433076481497,-0.17461433076481497
DFlow_master_forward,train,0,0.054465130919715096,-0.054465130919715096
DFlow_master_forward,train,0,0.14173697116431425,-0.14173697116431425
DFlow_master_forward,train,1,0.10103474869564427,0.8989652513043558
DFlow_master_forward,train,0,0.0794029185568139,-0.0794029185568139
DFlow_master_forward,train,0,0.23625691478963018,-0.23625691478963018
DFlow_master_forward,train,0,-0.02110253149905246,0.02110253149905246
DFlow_master_forward,train,1,0.36430980568727306,0.6356901943127269
DFlow_master_forward,train,1,0.3625120285578314,0.6374879714421686
DFlow_master_forward,train,0,-0.02450436825007403,0.02450436825007403
DFlow_master_forward,train,0,0.06597487953011065,-0.06597487953011065
DFlow_master_forward,train,0,0.24985436031107872,-0.24985436031107872
DFlow_master_forward,train,0,-0.13550986010922478,0.13550986010922478
DFlow_master_forward,train,0,0.11921517825738001,-0.11921517825738001
DFlow_master_forward,train,-1,0.08660513836035288,-1.086605138360353
DFlow_master_forward,train,0,-0.04655382825312791,0.04655382825312791
DFlow_master_forward,train,0,-0.05421554992129089,0.05421554992129089
DFlow_master_forward,train,0,-0.04641291479528435,0.04641291479528435
DFlow_master_forward,train,0,0.49952355999126935,-0.49952355999126935
DFlow_master_forward,train,0,0.0698453447276635,-0.0698453447276635
DFlow_master_forward,train,0,-0.08106973929662632,0.08106973929662632
DFlow_master_forward,train,0,0.11671632577823021,-0.11671632577823021
DFlow_master_forward,train,0,0.1324742801304778,-0.1324742801304778
DFlow_master_forward,train,0,0.05228228549953938,-0.05228228549953938
DFlow_master_forward,train,0,-0.027039069736657276,0.027039069736657276
DFlow_master_forward,train,0,0.18018808956073457,-0.18018808956073457
DFlow_master_forward,train,0,0.06631285238570025,-0.06631285238570025
DFlow_master_forward,train,0,-0.003964445833298344,0.003964445833298344
DFlow_master_forward,train,0,0.11783511545137226,-0.11783511545137226
DFlow_master_forward,train,0,0.019368230042092177,-0.019368230042092177
DFlow_master_forward,train,1,0.2899857527131885,0.7100142472868115
DFlow_master_forward,train,0,-0.05530430366396165,0.05530430366396165
DFlow_master_forward,train,0,0.35003692381178636,-0.35003692381178636
DFlow_master_forward,train,0,-0.08959808068888682,0.08959808068888682
DFlow_master_forward,train,0,0.1458580218789229,-0.1458580218789229
DFlow_master_forward,train,0,0.1407737846568995,-0.1407737846568995
DFlow_master_forward,train,0,0.08186002839319065,-0.08186002839319065
DFlow_master_forward,train,0,0.28099157897645444,-0.28099157897645444
DFlow_master_forward,train,0,0.09062721134099908,-0.09062721134099908
DFlow_master_forward,train,0,0.17167785757888962,-0.17167785757888962
DFlow_master_forward,train,1,0.3625120285578314,0.6374879714421686
DFlow_master_forward,train,0,0.17883016798284757,-0.17883016798284757
DFlow_master_forward,train,0,0.17156660132573612,-0.17156660132573612
DFlow_master_forward,train,0,0.042640910104381174,-0.042640910104381174
DFlow_master_forward,train,0,0.18155208187191735,-0.18155208187191735
DFlow_master_forward,train,0,0.1270461955182429,-0.1270461955182429
DFlow_master_forward,train,0,0.2012976835478663,-0.2012976835478663
DFlow_master_forward,train,1,0.387524010488511,0.6124759895114891
DFlow_master_forward,train,0,-0.05646819706666191,0.05646819706666191
DFlow_master_forward,train,0,0.20606957095825823,-0.20606957095825823
DFlow_master_forward,train,0,0.09370068654942548,-0.09370068654942548
DFlow_master_forward,train,1,0.6111712877720391,0.3888287122279609
DFlow_master_forward,train,0,-0.0004213926520823391,0.0004213926520823391
DFlow_master_forward,train,0,-0.09679684770049436,0.09679684770049436
DFlow_master_forward,train,1,0.6111712877720391,0.3888287122279609
DFlow_master_forward,train,0,-0.08009960603438195,0.08009960603438195
DFlow_master_forward,train,0,0.20629355927904575,-0.20629355927904575
DFlow_master_forward,train,0,-0.009194764930206697,0.009194764930206697
DFlow_master_forward,train,0,0.18381918554677845,-0.18381918554677845
DFlow_master_forward,train,0,0.22992645846973914,-0.22992645846973914
DFlow_master_forward,train,0,0.19653810903252347,-0.19653810903252347
DFlow_master_forward,train,0,-0.03232015378843868,0.03232015378843868
DFlow_master_forward,train,0,0.14026439954325037,-0.14026439954325037
DFlow_master_forward,train,0,-0.08735768122202008,0.08735768122202008
DFlow_master_forward,train,0,-0.05579461706966822,0.05579461706966822
DFlow_master_forward,train,0,0.09505433471771516,-0.09505433471771516
DFlow_master_forward,train,-1,-0.035117121623309,-0.964882878376691
DFlow_master_forward,train,0,0.02996968520020414,-0.02996968520020414
DFlow_master_forward,train,0,0.014530521623882756,-0.014530521623882756
DFlow_master_forward,train,1,0.36430980568727306,0.6356901943127269
DFlow_master_forward,train,1,0.16697236631176737,0.8330276336882326
DFlow_master_forward,train,0,0.44924621245597124,-0.44924621245597124
DFlow_master_forward,train,0,0.07160519153953078,-0.07160519153953078
DFlow_master_forward,train,0,0.15457138812017732,-0.15457138812017732
DFlow_master_forward,train,0,0.15186720515378635,-0.15186720515378635
DFlow_master_forward,train,0,0.07194089265190487,-0.07194089265190487
DFlow_master_forward,train,0,0.1368468889712374,-0.1368468889712374
DFlow_master_forward,train,0,0.49952355999126935,-0.49952355999126935
DFlow_master_forward,train,0,0.14807700442134392,-0.14807700442134392
DFlow_master_forward,train,0,-0.06188879885460501,0.06188879885460501
DFlow_master_forward,train,0,0.1564441267175156,-0.1564441267175156
DFlow_master_forward,train,0,0.22564972888173562,-0.22564972888173562
DFlow_master_forward,train,0,-0.010228391990311433,0.010228391990311433
DFlow_master_forward,train,0,-0.0746790042464389,0.0746790042464389
DFlow_master_forward,train,1,0.13304397838171617,0.8669560216182839
DFlow_master_forward,train,0,0.05990383798970318,-0.05990383798970318
DFlow_master_forward,train,0,-0.044941225378952884,0.044941225378952884
DFlow_master_forward,train,0,-0.07709866492972704,0.07709866492972704
DFlow_master_forward,train,0,0.477258793747375,-0.477258793747375
DFlow_master_forward,train,0,0.014221388953355424,-0.014221388953355424
DFlow_master_forward,train,0,-0.05860179803386724,0.05860179803386724
DFlow_master_forward,train,1,0.2899857527131885,0.7100142472868115
DFlow_master_forward,train,0,0.08237508263812289,-0.08237508263812289
DFlow_master_forward,train,0,-0.02348301145242325,0.02348301145242325
DFlow_master_forward,train,0,0.007151369837272825,-0.007151369837272825
DFlow_master_forward,train,1,0.6111712877720391,0.3888287122279609
DFlow_master_forward,train,0,0.27125798775287113,-0.27125798775287113
DFlow_master_forward,train,0,0.49952355999126935,-0.49952355999126935
DFlow_master_forward,train,0,0.09835731646016369,-0.09835731646016369
DFlow_master_forward,train,0,-0.10882250195130382,0.10882250195130382
DFlow_master_forward,train,0,-0.0665435210699256,0.0665435210699256
DFlow_master_forward,train,0,0.13505732746454716,-0.13505732746454716
DFlow_master_forward,train,0,0.14341018806216219,-0.14341018806216219
DFlow_master_forward,train,0,0.15213173704337923,-0.15213173704337923
DFlow_master_forward,train,1,0.15234951963309598,0.847650480366904
DFlow_master_forward,train,0,0.0985429878316271,-0.0985429878316271
DFlow_master_forward,train,0,-0.07838448632688182,0.07838448632688182
DFlow_master_forward,train,1,0.1475153153766299,0.8524846846233701
DFlow_master_forward,train,0,0.3333828682504578,-0.3333828682504578
DFlow_master_forward,train,0,0.5236576954011838,-0.5236576954011838
DFlow_master_forward,train,0,-0.14611003817411466,0.14611003817411466
DFlow_master_forward,train,0,-0.09559883933961587,0.09559883933961587
DFlow_master_forward,train,0,-0.049449818958423056,0.049449818958423056
DFlow_master_forward,test,0,-0.1594264260591718,0.1594264260591718
DFlow_master_forward,test,0,-0.07789374722343483,0.07789374722343483
DFlow_master_forward,test,0,-0.009078449057076929,0.009078449057076929
DFlow_master_forward,test,0,0.13939245014105672,-0.13939245014105672
DFlow_master_forward,test,0,0.2773302755772498,-0.2773302755772498
DFlow_master_forward,test,0,0.5623787452405337,-0.5623787452405337
DFlow_master_forward,test,1,0.14305377406938277,0.8569462259306172
DFlow_master_forward,test,0,0.0781703736683804,-0.0781703736683804
DFlow_master_forward,test,1,0.6111712877720391,0.3888287122279609
DFlow_master_forward,test,0,0.04054614375674312,-0.04054614375674312
DFlow_master_forward,test,0,0.13529013735278997,-0.13529013735278997
DFlow_master_forward,test,0,0.10623797306248861,-0.10623797306248861
DFlow_master_forward,test,0,0.2042148395436284,-0.2042148395436284
DFlow_master_forward,test,0,-0.07063609773353911,0.07063609773353911
DFlow_master_forward,test,0,0.3257671143304869,-0.3257671143304869
DFlow_master_forward,test,0,-0.02446566868464166,0.02446566868464166
DFlow_master_forward,test,0,0.2785793764914072,-0.2785793764914072
DFlow_master_forward,test,-1,0.03335872168978307,-1.033358721689783
DFlow_master_forward,test,-1,0.08660513836035288,-1.086605138360353
DFlow_master_forward,test,0,0.16092612722908814,-0.16092612722908814
DFlow_master_forward,test,0,0.12546772813136944,-0.12546772813136944
DFlow_master_forward,test,1,-0.006002069448410988,1.006002069448411
DFlow_master_forward,test,0,0.13214580411923124,-0.13214580411923124
DFlow_master_forward,test,0,0.05542098195428152,-0.05542098195428152
DFlow_master_forward,test,0,0.20338534757612742,-0.20338534757612742
DFlow_master_forward,test,0,0.14872472002053316,-0.14872472002053316
DFlow_master_forward,test,0,-0.0650676727440833,0.0650676727440833
DFlow_master_forward,test,0,0.2300993254828273,-0.2300993254828273
DFlow_master_forward,test,0,0.02018415412479367,-0.02018415412479367
DFlow_master_forward,test,0,0.08941402214695428,-0.08941402214695428
DFlow_master_forward,test,0,0.1666405231913816,-0.1666405231913816
DGap_independent_forward,train,0,0.49240088235282703,-0.49240088235282703
DGap_independent_forward,train,0,0.6061729617148058,-0.6061729617148058
DGap_independent_forward,train,0,0.7131771972469034,-0.7131771972469034
DGap_independent_forward,train,-1,-0.4678892340237756,-0.5321107659762244
DGap_independent_forward,train,0,-0.5026230786398922,0.5026230786398922
DGap_independent_forward,train,-1,-0.49176769477344456,-0.5082323052265554
DGap_independent_forward,train,0,0.26327341340969507,-0.26327341340969507
DGap_independent_forward,train,0,0.4577652226081316,-0.4577652226081316
DGap_independent_forward,train,1,0.8765576250840036,0.12344237491599641
DGap_independent_forward,train,0,-0.4658944080239852,0.4658944080239852
DGap_independent_forward,train,0,-0.3002524671529415,0.3002524671529415
DGap_independent_forward,train,0,0.02860786255634883,-0.02860786255634883
DGap_independent_forward,train,1,0.4442782283253512,0.5557217716746488
DGap_independent_forward,train,0,0.35100712013741525,-0.35100712013741525
DGap_independent_forward,train,0,-0.09998712494559263,0.09998712494559263
DGap_independent_forward,train,0,-0.46872309264050765,0.46872309264050765
DGap_independent_forward,train,0,-0.26520731521368746,0.26520731521368746
DGap_independent_forward,train,0,0.2558461205832408,-0.2558461205832408
DGap_independent_forward,train,0,0.3441361457581882,-0.3441361457581882
DGap_independent_forward,train,-1,-0.4803529086757418,-0.5196470913242581
DGap_independent_forward,train,1,0.6718632938204846,0.3281367061795154
DGap_independent_forward,train,1,0.6725782981831497,0.32742170181685026
DGap_independent_forward,train,-1,-0.4456505729156782,-0.5543494270843218
DGap_independent_forward,train,0,-0.491633996190597,0.491633996190597
DGap_independent_forward,train,0,-0.4697373920802779,0.4697373920802779
DGap_independent_forward,train,-1,-0.4405917665846317,-0.5594082334153683
DGap_independent_forward,train,-1,-0.532604776837955,-0.46739522316204496
DGap_independent_forward,train,0,-0.5031616224990355,0.5031616224990355
DGap_independent_forward,train,1,0.6024072839899062,0.3975927160100938
DGap_independent_forward,train,1,0.7273742489758075,0.2726257510241925
DGap_independent_forward,train,0,-0.4972358912006475,0.4972358912006475
DGap_independent_forward,train,0,-0.3545618448026479,0.3545618448026479
DGap_independent_forward,train,-1,-0.09131224872753438,-0.9086877512724656
DGap_independent_forward,train,0,0.3105089157567256,-0.3105089157567256
DGap_independent_forward,train,0,0.33359553110657775,-0.33359553110657775
DGap_independent_forward,train,-1,-0.5729305352494921,-0.4270694647505079
DGap_independent_forward,train,1,0.1984739480988749,0.8015260519011251
DGap_independent_forward,train,-1,-0.5822911096940552,-0.4177088903059448
DGap_independent_forward,train,1,0.8531107425722215,0.14688925742777847
DGap_independent_forward,train,-1,-0.3871239261485261,-0.6128760738514739
DGap_independent_forward,train,0,0.26327341340969507,-0.26327341340969507
DGap_independent_forward,train,-1,-0.5214713467018951,-0.4785286532981049
DGap_independent_forward,train,-1,-0.6267021163637909,-0.3732978836362091
DGap_independent_forward,train,-1,-0.46407479741411456,-0.5359252025858854
DGap_independent_forward,train,0,-0.49717477568515395,0.49717477568515395
DGap_independent_forward,train,0,0.8047203339656945,-0.8047203339656945
DGap_independent_forward,train,1,0.5495025536977043,0.4504974463022957
DGap_independent_forward,train,1,0.521936505283069,0.478063494716931
DGap_independent_forward,train,1,0.1519502858206738,0.8480497141793262
DGap_independent_forward,train,1,0.18828591684572663,0.8117140831542734
DGap_independent_forward,train,0,0.3441361457581882,-0.3441361457581882
DGap_independent_forward,train,0,0.46600292013618827,-0.46600292013618827
DGap_independent_forward,train,0,-0.5591065251986373,0.5591065251986373
DGap_independent_forward,train,1,0.40713278824915927,0.5928672117508407
DGap_independent_forward,train,-1,-0.6212183396498667,-0.3787816603501333
DGap_independent_forward,train,0,0.5113304059156202,-0.5113304059156202
DGap_independent_forward,train,1,0.2648988521255209,0.7351011478744791
DGap_independent_forward,train,0,0.2232580549795323,-0.2232580549795323
DGap_independent_forward,train,0,-0.5054792931511274,0.5054792931511274
DGap_independent_forward,train,0,0.5662323428797993,-0.5662323428797993
DGap_independent_forward,train,0,-0.379365522767195,0.379365522767195
DGap_independent_forward,train,0,0.11903328379553355,-0.11903328379553355
DGap_independent_forward,train,0,0.38504094557537166,-0.38504094557537166
DGap_independent_forward,train,-1,-0.4998810161416251,-0.5001189838583748
DGap_independent_forward,train,0,0.11903328379553355,-0.11903328379553355
DGap_independent_forward,train,-1,-0.5105695302838009,-0.4894304697161991
DGap_independent_forward,train,0,-0.2885806594156138,0.2885806594156138
DGap_independent_forward,train,1,0.7388780533021836,0.2611219466978164
DGap_independent_forward,train,1,0.8678468650284631,0.1321531349715369
DGap_independent_forward,train,0,0.8506446776952528,-0.8506446776952528
DGap_independent_forward,train,1,0.6440586532367857,0.3559413467632143
DGap_independent_forward,train,-1,-0.507155881934671,-0.492844118065329
DGap_independent_forward,train,-1,-0.6349896460476245,-0.36501035395237547
DGap_independent_forward,train,0,-0.4673294953675885,0.4673294953675885
DGap_independent_forward,train,0,-0.4566984905980333,0.4566984905980333
DGap_independent_forward,train,0,-0.4804308500834413,0.4804308500834413
DGap_independent_forward,train,0,-0.4658944080239852,0.4658944080239852
DGap_independent_forward,train,0,-0.2737796768090698,0.2737796768090698
DGap_independent_forward,train,-1,-0.5238016362312881,-0.47619836376871194
DGap_independent_forward,train,0,0.2558461205832408,-0.2558461205832408
DGap_independent_forward,train,0,0.0634464319716472,-0.0634464319716472
DGap_independent_forward,train,-1,-0.6144511795092461,-0.3855488204907539
DGap_independent_forward,train,0,0.008670222451783827,-0.008670222451783827
DGap_independent_forward,train,1,0.1956507503288632,0.8043492496711369
DGap_independent_forward,train,1,0.19824335364147677,0.8017566463585233
DGap_independent_forward,train,0,0.34050877539769725,-0.34050877539769725
DGap_independent_forward,train,1,0.7096769789399084,0.29032302106009156
DGap_independent_forward,train,1,0.6024072839899062,0.3975927160100938
DGap_independent_forward,train,0,0.1343682629122048,-0.1343682629122048
DGap_independent_forward,train,0,-0.5445713963214374,0.5445713963214374
DGap_independent_forward,train,1,0.2389812854430369,0.7610187145569631
DGap_independent_forward,train,0,-0.32357268274476186,0.32357268274476186
DGap_independent_forward,train,-1,-0.4422319807055607,-0.5577680192944393
DGap_independent_forward,train,-1,-0.5319149575994686,-0.4680850424005314
DGap_independent_forward,train,0,0.5451178082028698,-0.5451178082028698
DGap_independent_forward,train,0,0.06002126426073945,-0.06002126426073945
DGap_independent_forward,train,-1,-0.38441313039454006,-0.6155868696054599
DGap_independent_forward,train,-1,-0.5146912312590409,-0.4853087687409591
DGap_independent_forward,train,0,-0.11886310354701629,0.11886310354701629
DGap_independent_forward,train,0,0.06336777963374804,-0.06336777963374804
DGap_independent_forward,train,-1,-0.5283294956650798,-0.4716705043349202
DGap_independent_forward,train,0,0.26327341340969507,-0.26327341340969507
DGap_independent_forward,train,0,-0.16917077919939955,0.16917077919939955
DGap_independent_forward,train,0,-0.47017771249578344,0.47017771249578344
DGap_independent_forward,train,0,-0.49804811600511906,0.49804811600511906
DGap_independent_forward,train,0,0.11903328379553355,-0.11903328379553355
DGap_independent_forward,train,0,0.36076943777823395,-0.36076943777823395
DGap_independent_forward,train,1,0.6024072839899062,0.3975927160100938
DGap_independent_forward,train,1,0.4405056865754664,0.5594943134245336
DGap_independent_forward,train,0,-0.5088978853612444,0.5088978853612444
DGap_independent_forward,train,-1,-0.49965477262167957,-0.5003452273783204
DGap_independent_forward,train,1,0.48877327293612066,0.5112267270638793
DGap_independent_forward,train,0,0.01239218826959278,-0.01239218826959278
DGap_independent_forward,train,-1,-0.5616716600836013,-0.43832833991639875
DGap_independent_forward,train,0,0.2526703592540576,-0.2526703592540576
DGap_independent_forward,train,0,0.38010198162151065,-0.38010198162151065
DGap_independent_forward,train,1,-0.33783319117913735,1.3378331911791372
DGap_independent_forward,train,0,0.2322876233314076,-0.2322876233314076
DGap_independent_forward,train,0,-0.12057905398985415,0.12057905398985415
DGap_independent_forward,train,0,0.03852358924398354,-0.03852358924398354
DGap_independent_forward,train,-1,-0.39677375962460876,-0.6032262403753912
DGap_independent_forward,train,0,-0.5025759754389109,0.5025759754389109
DGap_independent_forward,train,0,-0.5337166831043246,0.5337166831043246
DGap_independent_forward,test,-1,-0.3926520586493687,-0.6073479413506313
DGap_independent_forward,test,-1,-0.5239628914452376,-0.47603710855476244
DGap_independent_forward,test,1,-0.291819688878913,1.291819688878913
DGap_independent_forward,test,0,0.42424564684464733,-0.42424564684464733
DGap_independent_forward,test,0,-0.4865092887924491,0.4865092887924491
DGap_independent_forward,test,0,0.25999660536891644,-0.25999660536891644
DGap_independent_forward,test,0,0.2534324957327759,-0.2534324957327759
DGap_independent_forward,test,0,0.25898162089298155,-0.25898162089298155
DGap_independent_forward,test,0,0.11903328379553355,-0.11903328379553355
DGap_independent_forward,test,-1,-0.5239628914452376,-0.47603710855476244
DGap_independent_forward,test,1,0.5221950945662778,0.4778049054337222
DGap_independent_forward,test,0,0.4313791109221186,-0.4313791109221186
DGap_independent_forward,test,1,0.42878866988527325,0.5712113301147268
DGap_independent_forward,test,0,-0.4958611965846616,0.4958611965846616
DGap_independent_forward,test,1,0.5525799757552662,0.4474200242447338
DGap_independent_forward,test,-1,-0.48915638350681173,-0.5108436164931882
DGap_independent_forward,test,0,-0.5650375345824155,0.5650375345824155
DGap_independent_forward,test,0,-0.46177270704874523,0.46177270704874523
DGap_independent_forward,test,0,-0.4697373920802779,0.4697373920802779
DGap_independent_forward,test,0,0.4128974849305476,-0.4128974849305476
DGap_independent_forward,test,1,0.2318317747677223,0.7681682252322777
DGap_independent_forward,test,0,0.6878762176010407,-0.6878762176010407
DGap_independent_forward,test,1,0.5832240388223732,0.41677596117762683
DGap_independent_forward,test,0,0.2312228825535894,-0.2312228825535894
DGap_independent_forward,test,1,0.6183843217324492,0.38161567826755083
DGap_independent_forward,test,1,0.4364744717399817,0.5635255282600182
DGap_independent_forward,test,0,-0.5141626672345039,0.5141626672345039
DGap_independent_forward,test,1,0.32565724701276344,0.6743427529872366
DGap_independent_forward,test,-1,-0.5271498699373887,-0.47285013006261134
DGap_independent_forward,test,0,-0.5160333459484894,0.5160333459484894
DGap_independent_forward,test,0,-0.5852793872391556,0.5852793872391556
DGap_collaborative_actual_forward,train,0,0.6181336770792677,-0.6181336770792677
DGap_collaborative_actual_forward,train,0,0.6734524922663317,-0.6734524922663317
DGap_collaborative_actual_forward,train,0,0.2905293261051122,-0.2905293261051122
DGap_collaborative_actual_forward,train,-1,-0.5508040439885254,-0.44919595601147455
DGap_collaborative_actual_forward,train,0,-0.5551370434111201,0.5551370434111201
DGap_collaborative_actual_forward,train,-1,-0.581507442343537,-0.418492557656463
DGap_collaborative_actual_forward,train,0,0.07098053765612562,-0.07098053765612562
DGap_collaborative_actual_forward,train,0,0.15629324896572022,-0.15629324896572022
DGap_collaborative_actual_forward,train,1,0.955251461967127,0.04474853803287304
DGap_collaborative_actual_forward,train,0,-0.07518149553075303,0.07518149553075303
DGap_collaborative_actual_forward,train,0,-0.242685369277512,0.242685369277512
DGap_collaborative_actual_forward,train,0,0.03526565764837093,-0.03526565764837093
DGap_collaborative_actual_forward,train,1,0.4921820720930649,0.507817927906935
DGap_collaborative_actual_forward,train,0,0.17274540754792955,-0.17274540754792955
DGap_collaborative_actual_forward,train,0,0.03663191467407792,-0.03663191467407792
DGap_collaborative_actual_forward,train,0,-0.38248199353070256,0.38248199353070256
DGap_collaborative_actual_forward,train,0,-0.2741036115629003,0.2741036115629003
DGap_collaborative_actual_forward,train,0,-0.07149770316428737,0.07149770316428737
DGap_collaborative_actual_forward,train,0,0.048246343131635686,-0.048246343131635686
DGap_collaborative_actual_forward,train,-1,-0.5359424813031177,-0.4640575186968823
DGap_collaborative_actual_forward,train,1,0.7422048602420014,0.2577951397579986
DGap_collaborative_actual_forward,train,1,0.8408330122551008,0.15916698774489924
DGap_collaborative_actual_forward,train,-1,-0.5534712176433957,-0.4465287823566043
DGap_collaborative_actual_forward,train,0,-0.478790376938958,0.478790376938958
DGap_collaborative_actual_forward,train,0,-0.06888701968377496,0.06888701968377496
DGap_collaborative_actual_forward,train,-1,-0.48556487142483484,-0.5144351285751652
DGap_collaborative_actual_forward,train,-1,-0.6026048116758428,-0.3973951883241572
DGap_collaborative_actual_forward,train,0,-0.5513955350696659,0.5513955350696659
DGap_collaborative_actual_forward,train,1,0.6936967631582623,0.30630323684173766
DGap_collaborative_actual_forward,train,1,0.789490950310697,0.21050904968930295
DGap_collaborative_actual_forward,train,0,-0.5519097317288062,0.5519097317288062
DGap_collaborative_actual_forward,train,0,-0.3122693046118592,0.3122693046118592
DGap_collaborative_actual_forward,train,-1,0.1042375353035929,-1.104237535303593
DGap_collaborative_actual_forward,train,0,0.33800342091293717,-0.33800342091293717
DGap_collaborative_actual_forward,train,0,0.5163109384769371,-0.5163109384769371
DGap_collaborative_actual_forward,train,-1,-0.5905987453361182,-0.4094012546638818
DGap_collaborative_actual_forward,train,1,0.47428493928853965,0.5257150607114603
DGap_collaborative_actual_forward,train,-1,-0.6263823299518517,-0.3736176700481483
DGap_collaborative_actual_forward,train,1,0.9324153045771643,0.06758469542283574
DGap_collaborative_actual_forward,train,-1,-0.2680913527128277,-0.7319086472871723
DGap_collaborative_actual_forward,train,0,0.07098053765612562,-0.07098053765612562
DGap_collaborative_actual_forward,train,-1,-0.5774666449818191,-0.4225333550181809
DGap_collaborative_actual_forward,train,-1,-0.5841842825794303,-0.41581571742056966
DGap_collaborative_actual_forward,train,-1,-0.5288754227816739,-0.4711245772183261
DGap_collaborative_actual_forward,train,0,-0.4756750833795097,0.4756750833795097
DGap_collaborative_actual_forward,train,0,0.873301854615894,-0.873301854615894
DGap_collaborative_actual_forward,train,1,0.6893400515218472,0.3106599484781528
DGap_collaborative_actual_forward,train,1,0.7321707150670619,0.2678292849329381
DGap_collaborative_actual_forward,train,1,0.11119995909627158,0.8888000409037284
DGap_collaborative_actual_forward,train,1,0.28018341717741546,0.7198165828225845
DGap_collaborative_actual_forward,train,0,0.048246343131635686,-0.048246343131635686
DGap_collaborative_actual_forward,train,0,0.6565083778356602,-0.6565083778356602
DGap_collaborative_actual_forward,train,0,-0.5006952747333098,0.5006952747333098
DGap_collaborative_actual_forward,train,1,0.6200902425654264,0.37990975743457356
DGap_collaborative_actual_forward,train,-1,-0.5622678232643514,-0.43773217673564857
DGap_collaborative_actual_forward,train,0,0.5113820052190431,-0.5113820052190431
DGap_collaborative_actual_forward,train,1,0.498555143804689,0.501444856195311
DGap_collaborative_actual_forward,train,0,-0.12127503977752678,0.12127503977752678
DGap_collaborative_actual_forward,train,0,-0.556011670343159,0.556011670343159
DGap_collaborative_actual_forward,train,0,0.6212779342419168,-0.6212779342419168
DGap_collaborative_actual_forward,train,0,-0.40153434171249075,0.40153434171249075
DGap_collaborative_actual_forward,train,0,-0.15060140325976284,0.15060140325976284
DGap_collaborative_actual_forward,train,0,0.3889863014975503,-0.3889863014975503
DGap_collaborative_actual_forward,train,-1,-0.5847621158019543,-0.41523788419804575
DGap_collaborative_actual_forward,train,0,-0.15060140325976284,0.15060140325976284
DGap_collaborative_actual_forward,train,-1,-0.5822461056534953,-0.4177538943465047
DGap_collaborative_actual_forward,train,0,-0.13222490120721214,0.13222490120721214
DGap_collaborative_actual_forward,train,1,0.8070604953976586,0.19293950460234144
DGap_collaborative_actual_forward,train,1,0.7971501234883228,0.20284987651167719
DGap_collaborative_actual_forward,train,0,0.965496914346064,-0.965496914346064
DGap_collaborative_actual_forward,train,1,0.6017365656919099,0.3982634343080901
DGap_collaborative_actual_forward,train,-1,-0.5646805884131465,-0.4353194115868535
DGap_collaborative_actual_forward,train,-1,-0.6115772940697632,-0.38842270593023676
DGap_collaborative_actual_forward,train,0,-0.5358132882954558,0.5358132882954558
DGap_collaborative_actual_forward,train,0,-0.48847214672758466,0.48847214672758466
DGap_collaborative_actual_forward,train,0,-0.579395155326731,0.579395155326731
DGap_collaborative_actual_forward,train,0,-0.07518149553075303,0.07518149553075303
DGap_collaborative_actual_forward,train,0,-0.20177783640185326,0.20177783640185326
DGap_collaborative_actual_forward,train,-1,-0.5835121173684202,-0.41648788263157976
DGap_collaborative_actual_forward,train,0,-0.07149770316428737,0.07149770316428737
DGap_collaborative_actual_forward,train,0,-0.31447115425938843,0.31447115425938843
DGap_collaborative_actual_forward,train,-1,-0.5135829860765464,-0.4864170139234536
DGap_collaborative_actual_forward,train,0,0.12456989006659024,-0.12456989006659024
DGap_collaborative_actual_forward,train,1,0.4116806680687108,0.5883193319312892
DGap_collaborative_actual_forward,train,1,0.4118362579654444,0.5881637420345556
DGap_collaborative_actual_forward,train,0,0.341041900792834,-0.341041900792834
DGap_collaborative_actual_forward,train,1,0.7947825960720282,0.20521740392797183
DGap_collaborative_actual_forward,train,1,0.6936967631582623,0.30630323684173766
DGap_collaborative_actual_forward,train,0,0.24871998498142128,-0.24871998498142128
DGap_collaborative_actual_forward,train,0,-0.6026944810156302,0.6026944810156302
DGap_collaborative_actual_forward,train,1,0.46569677714384056,0.5343032228561595
DGap_collaborative_actual_forward,train,0,-0.1779560491813793,0.1779560491813793
DGap_collaborative_actual_forward,train,-1,-0.5255244858260467,-0.4744755141739533
DGap_collaborative_actual_forward,train,-1,-0.5867667908268375,-0.41323320917316253
DGap_collaborative_actual_forward,train,0,0.19640043454277895,-0.19640043454277895
DGap_collaborative_actual_forward,train,0,0.12945342722802433,-0.12945342722802433
DGap_collaborative_actual_forward,train,-1,-0.2743822358259212,-0.7256177641740789
DGap_collaborative_actual_forward,train,-1,-0.5842970749606717,-0.41570292503932826
DGap_collaborative_actual_forward,train,0,-0.08970152003280683,0.08970152003280683
DGap_collaborative_actual_forward,train,0,-0.0190435108055884,0.0190435108055884
DGap_collaborative_actual_forward,train,-1,-0.5826744477934472,-0.41732555220655276
DGap_collaborative_actual_forward,train,0,0.07098053765612562,-0.07098053765612562
DGap_collaborative_actual_forward,train,0,-0.15364411625791463,0.15364411625791463
DGap_collaborative_actual_forward,train,0,-0.507636309066924,0.507636309066924
DGap_collaborative_actual_forward,train,0,-0.5775468951976385,0.5775468951976385
DGap_collaborative_actual_forward,train,0,-0.15060140325976284,0.15060140325976284
DGap_collaborative_actual_forward,train,0,0.432723568200222,-0.432723568200222
DGap_collaborative_actual_forward,train,1,0.6936967631582623,0.30630323684173766
DGap_collaborative_actual_forward,train,1,0.5083213779800819,0.4916786220199181
DGap_collaborative_actual_forward,train,0,-0.5839584021605073,0.5839584021605073
DGap_collaborative_actual_forward,train,-1,-0.5475927455876014,-0.4524072544123986
DGap_collaborative_actual_forward,train,1,0.6217727310174407,0.3782272689825593
DGap_collaborative_actual_forward,train,0,0.15439683797907078,-0.15439683797907078
DGap_collaborative_actual_forward,train,-1,-0.4420429565344693,-0.5579570434655308
DGap_collaborative_actual_forward,train,0,-0.1108686195895257,0.1108686195895257
DGap_collaborative_actual_forward,train,0,0.4530574834649189,-0.4530574834649189
DGap_collaborative_actual_forward,train,1,-0.3345519749602003,1.3345519749602004
DGap_collaborative_actual_forward,train,0,-0.1278418577220155,0.1278418577220155
DGap_collaborative_actual_forward,train,0,0.09380418374457618,-0.09380418374457618
DGap_collaborative_actual_forward,train,0,0.30363145888387266,-0.30363145888387266
DGap_collaborative_actual_forward,train,-1,-0.45549386715590334,-0.5445061328440967
DGap_collaborative_actual_forward,train,0,-0.5767092256226654,0.5767092256226654
DGap_collaborative_actual_forward,train,0,-0.5859017594757611,0.5859017594757611
DGap_collaborative_actual_forward,test,-1,-0.45344289784872693,-0.5465571021512731
DGap_collaborative_actual_forward,test,-1,-0.592439634479748,-0.407560365520252
DGap_collaborative_actual_forward,test,1,-0.24024605318000847,1.2402460531800084
DGap_collaborative_actual_forward,test,0,0.4175133842196991,-0.4175133842196991
DGap_collaborative_actual_forward,test,0,-0.38060937304904635,0.38060937304904635
DGap_collaborative_actual_forward,test,0,0.524847952229515,-0.524847952229515
DGap_collaborative_actual_forward,test,0,-0.06530010709188426,0.06530010709188426
DGap_collaborative_actual_forward,test,0,0.38211253262690403,-0.38211253262690403
DGap_collaborative_actual_forward,test,0,-0.15060140325976284,0.15060140325976284
DGap_collaborative_actual_forward,test,-1,-0.592439634479748,-0.407560365520252
DGap_collaborative_actual_forward,test,1,0.6589748908542706,0.34102510914572937
DGap_collaborative_actual_forward,test,0,0.49356284469866013,-0.49356284469866013
DGap_collaborative_actual_forward,test,1,0.5323269302704519,0.46767306972954814
DGap_collaborative_actual_forward,test,0,-0.530614904607795,0.530614904607795
DGap_collaborative_actual_forward,test,1,0.7484172753243709,0.25158272467562914
DGap_collaborative_actual_forward,test,-1,-0.5688166594180207,-0.43118334058197927
DGap_collaborative_actual_forward,test,0,-0.5243437764586496,0.5243437764586496
DGap_collaborative_actual_forward,test,0,-0.07313052622357662,0.07313052622357662
DGap_collaborative_actual_forward,test,0,-0.06888701968377496,0.06888701968377496
DGap_collaborative_actual_forward,test,0,0.6335623653822896,-0.6335623653822896
DGap_collaborative_actual_forward,test,1,0.569884279786161,0.43011572021383904
DGap_collaborative_actual_forward,test,0,0.31247177216355504,-0.31247177216355504
DGap_collaborative_actual_forward,test,1,0.657967068438298,0.342032931561702
DGap_collaborative_actual_forward,test,0,0.3365045748133215,-0.3365045748133215
DGap_collaborative_actual_forward,test,1,0.7468369765321867,0.2531630234678133
DGap_collaborative_actual_forward,test,1,0.6088017882942242,0.39119821170577584
DGap_collaborative_actual_forward,test,0,-0.5773865712229943,0.5773865712229943
DGap_collaborative_actual_forward,test,1,0.5503726878330943,0.44962731216690566
DGap_collaborative_actual_forward,test,-1,-0.5904687389313963,-0.4095312610686037
DGap_collaborative_actual_forward,test,0,-0.5253561564955391,0.5253561564955391
DGap_collaborative_actual_forward,test,0,-0.5884006038001238,0.5884006038001238
DGap_collaborative_deploy_forward,test,-1,-0.3733083317413066,-0.6266916682586934
DGap_collaborative_deploy_forward,test,-1,-0.553286893052086,-0.446713106947914
DGap_collaborative_deploy_forward,test,1,-0.23568283493507858,1.2356828349350786
DGap_collaborative_deploy_forward,test,0,0.3474487544916392,-0.3474487544916392
DGap_collaborative_deploy_forward,test,0,-0.5200074756796966,0.5200074756796966
DGap_collaborative_deploy_forward,test,0,0.2421722512691285,-0.2421722512691285
DGap_collaborative_deploy_forward,test,0,0.36543785580301125,-0.36543785580301125
DGap_collaborative_deploy_forward,test,0,0.3428207468721032,-0.3428207468721032
DGap_collaborative_deploy_forward,test,0,0.04484060039482558,-0.04484060039482558
DGap_collaborative_deploy_forward,test,-1,-0.6128198670270784,-0.38718013297292164
DGap_collaborative_deploy_forward,test,1,0.5909722596508635,0.40902774034913647
DGap_collaborative_deploy_forward,test,0,0.44016307851225284,-0.44016307851225284
DGap_collaborative_deploy_forward,test,1,0.4296797847247611,0.5703202152752389
DGap_collaborative_deploy_forward,test,0,-0.4951101693934611,0.4951101693934611
DGap_collaborative_deploy_forward,test,1,0.5846727380840336,0.41532726191596636
DGap_collaborative_deploy_forward,test,-1,-0.5565191639962517,-0.4434808360037483
DGap_collaborative_deploy_forward,test,0,-0.6643697308341745,0.6643697308341745
DGap_collaborative_deploy_forward,test,0,-0.5925409830897098,0.5925409830897098
DGap_collaborative_deploy_forward,test,0,-0.6150614115018674,0.6150614115018674
DGap_collaborative_deploy_forward,test,0,0.5526739850828769,-0.5526739850828769
DGap_collaborative_deploy_forward,test,1,0.5068188131453961,0.4931811868546039
DGap_collaborative_deploy_forward,test,0,0.8181316011588715,-0.8181316011588715
DGap_collaborative_deploy_forward,test,1,0.5915449141081218,0.4084550858918782
DGap_collaborative_deploy_forward,test,0,0.3086476099930403,-0.3086476099930403
DGap_collaborative_deploy_forward,test,1,0.6446067692604595,0.35539323073954054
DGap_collaborative_deploy_forward,test,1,0.5340463590790602,0.4659536409209398
DGap_collaborative_deploy_forward,test,0,-0.5446807654676079,0.5446807654676079
DGap_collaborative_deploy_forward,test,1,0.4347148884019464,0.5652851115980536
DGap_collaborative_deploy_forward,test,-1,-0.6006141613247661,-0.3993858386752339
DGap_collaborative_deploy_forward,test,0,-0.5702994826791549,0.5702994826791549
DGap_collaborative_deploy_forward,test,0,-0.6721612848361436,0.6721612848361436
DGap_master_reverse,train,0,0.49242858336006945,-0.49242858336006945
DGap_master_reverse,train,0,0.6058271987454682,-0.6058271987454682
DGap_master_reverse,train,0,0.7122688765095341,-0.7122688765095341
DGap_master_reverse,train,-1,-0.46745015419612534,-0.5325498458038747
DGap_master_reverse,train,0,-0.5025005641504198,0.5025005641504198
DGap_master_reverse,train,-1,-0.4915209983758614,-0.5084790016241386
DGap_master_reverse,train,0,0.2634868298131212,-0.2634868298131212
DGap_master_reverse,train,0,0.45853349951121897,-0.45853349951121897
DGap_master_reverse,train,1,0.8772917247383846,0.12270827526161543
DGap_master_reverse,train,0,-0.46545215973165127,0.46545215973165127
DGap_master_reverse,train,0,-0.30060180290076527,0.30060180290076527
DGap_master_reverse,train,0,0.028147505344389413,-0.028147505344389413
DGap_master_reverse,train,1,0.44409394120944934,0.5559060587905507
DGap_master_reverse,train,0,0.34963160371924473,-0.34963160371924473
DGap_master_reverse,train,0,-0.1003427436725734,0.1003427436725734
DGap_master_reverse,train,0,-0.46951977292861935,0.46951977292861935
DGap_master_reverse,train,0,-0.26456190961166554,0.26456190961166554
DGap_master_reverse,train,0,0.2562832141836148,-0.2562832141836148
DGap_master_reverse,train,0,0.3440215758966983,-0.3440215758966983
DGap_master_reverse,train,-1,-0.48016151436511467,-0.5198384856348853
DGap_master_reverse,train,1,0.6713699411248244,0.3286300588751756
DGap_master_reverse,train,1,0.6731852803606028,0.32681471963939723
DGap_master_reverse,train,-1,-0.44507335192914055,-0.5549266480708595
DGap_master_reverse,train,0,-0.49200842117174987,0.49200842117174987
DGap_master_reverse,train,0,-0.46937802886824626,0.46937802886824626
DGap_master_reverse,train,-1,-0.4403227353947354,-0.5596772646052646
DGap_master_reverse,train,-1,-0.5325146011280726,-0.4674853988719274
DGap_master_reverse,train,0,-0.5030998329224529,0.5030998329224529
DGap_master_reverse,train,1,0.6032192410631074,0.3967807589368926
DGap_master_reverse,train,1,0.7278749534292215,0.2721250465707785
DGap_master_reverse,train,0,-0.4970968337693773,0.4970968337693773
DGap_master_reverse,train,0,-0.35480634597020877,0.35480634597020877
DGap_master_reverse,train,-1,-0.09167846822963815,-0.9083215317703619
DGap_master_reverse,train,0,0.30999426884663106,-0.30999426884663106
DGap_master_reverse,train,0,0.33389253823878473,-0.33389253823878473
DGap_master_reverse,train,-1,-0.5734894128811192,-0.4265105871188808
DGap_master_reverse,train,1,0.19710505098450146,0.8028949490154985
DGap_master_reverse,train,-1,-0.5826395687324128,-0.41736043126758715
DGap_master_reverse,train,1,0.8541960371894342,0.14580396281056585
DGap_master_reverse,train,-1,-0.3873495498612015,-0.6126504501387985
DGap_master_reverse,train,0,0.2634868298131212,-0.2634868298131212
DGap_master_reverse,train,-1,-0.5214028693016687,-0.4785971306983313
DGap_master_reverse,train,-1,-0.6278265500827097,-0.3721734499172903
DGap_master_reverse,train,-1,-0.4638655449020217,-0.5361344550979783
DGap_master_reverse,train,0,-0.497862759870144,0.497862759870144
DGap_master_reverse,train,0,0.8058828141062984,-0.8058828141062984
DGap_master_reverse,train,1,0.5501033034797355,0.44989669652026454
DGap_master_reverse,train,1,0.522269520646782,0.477730479353218
DGap_master_reverse,train,1,0.15124542511941352,0.8487545748805865
DGap_master_reverse,train,1,0.1880056932189707,0.8119943067810294
DGap_master_reverse,train,0,0.3440215758966983,-0.3440215758966983
DGap_master_reverse,train,0,0.46657821818087625,-0.46657821818087625
DGap_master_reverse,train,0,-0.5600402134212364,0.5600402134212364
DGap_master_reverse,train,1,0.40754349696584125,0.5924565030341588
DGap_master_reverse,train,-1,-0.6225168901583684,-0.3774831098416316
DGap_master_reverse,train,0,0.5113364003606418,-0.5113364003606418
DGap_master_reverse,train,1,0.2649134377198376,0.7350865622801623
DGap_master_reverse,train,0,0.22365799454448176,-0.22365799454448176
DGap_master_reverse,train,0,-0.5053972514779224,0.5053972514779224
DGap_master_reverse,train,0,0.5661668800528387,-0.5661668800528387
DGap_master_reverse,train,0,-0.37906455237932346,0.37906455237932346
DGap_master_reverse,train,0,0.11874255294495512,-0.11874255294495512
DGap_master_reverse,train,0,0.38524928776869094,-0.38524928776869094
DGap_master_reverse,train,-1,-0.4995984349599146,-0.5004015650400855
DGap_master_reverse,train,0,0.11874255294495512,-0.11874255294495512
DGap_master_reverse,train,-1,-0.5103958398817562,-0.4896041601182438
DGap_master_reverse,train,0,-0.28905982621371007,0.28905982621371007
DGap_master_reverse,train,1,0.7396146207633651,0.26038537923663485
DGap_master_reverse,train,1,0.8681203920844416,0.13187960791555842
DGap_master_reverse,train,0,0.8518304523244765,-0.8518304523244765
DGap_master_reverse,train,1,0.6442836076824174,0.35571639231758256
DGap_master_reverse,train,-1,-0.5070504731188982,-0.49294952688110183
DGap_master_reverse,train,-1,-0.6362020521645723,-0.36379794783542774
DGap_master_reverse,train,0,-0.46704909548873375,0.46704909548873375
DGap_master_reverse,train,0,-0.45666962637196906,0.45666962637196906
DGap_master_reverse,train,0,-0.480151225528789,0.480151225528789
DGap_master_reverse,train,0,-0.46545215973165127,0.46545215973165127
DGap_master_reverse,train,0,-0.27346977392174987,0.27346977392174987
DGap_master_reverse,train,-1,-0.5238131247121357,-0.4761868752878643
DGap_master_reverse,train,0,0.2562832141836148,-0.2562832141836148
DGap_master_reverse,train,0,0.06216035855474496,-0.06216035855474496
DGap_master_reverse,train,-1,-0.6157940469189298,-0.3842059530810702
DGap_master_reverse,train,0,0.008663257950022974,-0.008663257950022974
DGap_master_reverse,train,1,0.1951823813796848,0.8048176186203152
DGap_master_reverse,train,1,0.19824551966182882,0.8017544803381712
DGap_master_reverse,train,0,0.3401080323599385,-0.3401080323599385
DGap_master_reverse,train,1,0.7102104711965407,0.2897895288034593
DGap_master_reverse,train,1,0.6032192410631074,0.3967807589368926
DGap_master_reverse,train,0,0.13458484047986352,-0.13458484047986352
DGap_master_reverse,train,0,-0.544678364431682,0.544678364431682
DGap_master_reverse,train,1,0.2390240560529664,0.7609759439470336
DGap_master_reverse,train,0,-0.32420139435411516,0.32420139435411516
DGap_master_reverse,train,-1,-0.44175219342758126,-0.5582478065724188
DGap_master_reverse,train,-1,-0.5318905612961888,-0.46810943870381116
DGap_master_reverse,train,0,0.5456004203495414,-0.5456004203495414
DGap_master_reverse,train,0,0.059611708946175124,-0.059611708946175124
DGap_master_reverse,train,-1,-0.384476475905318,-0.6155235240946819
DGap_master_reverse,train,-1,-0.5145460487360288,-0.4854539512639712
DGap_master_reverse,train,0,-0.11932511108909927,0.11932511108909927
DGap_master_reverse,train,0,0.06373467930931699,-0.06373467930931699
DGap_master_reverse,train,-1,-0.5283872419419132,-0.4716127580580868
DGap_master_reverse,train,0,0.2634868298131212,-0.2634868298131212
DGap_master_reverse,train,0,-0.16885181042061148,0.16885181042061148
DGap_master_reverse,train,0,-0.47021116249077544,0.47021116249077544
DGap_master_reverse,train,0,-0.49780680960945617,0.49780680960945617
DGap_master_reverse,train,0,0.11874255294495512,-0.11874255294495512
DGap_master_reverse,train,0,0.36031706383743234,-0.36031706383743234
DGap_master_reverse,train,1,0.6032192410631074,0.3967807589368926
DGap_master_reverse,train,1,0.440713112740503,0.5592868872594969
DGap_master_reverse,train,0,-0.5087184099794813,0.5087184099794813
DGap_master_reverse,train,-1,-0.49967839839768224,-0.5003216016023178
DGap_master_reverse,train,1,0.4892548764187732,0.5107451235812268
DGap_master_reverse,train,0,0.011871590886458689,-0.011871590886458689
DGap_master_reverse,train,-1,-0.5629564817218009,-0.4370435182781991
DGap_master_reverse,train,0,0.25272923091214927,-0.25272923091214927
DGap_master_reverse,train,0,0.38032536314813165,-0.38032536314813165
DGap_master_reverse,train,1,-0.3376546262125556,1.3376546262125557
DGap_master_reverse,train,0,0.2325551893445123,-0.2325551893445123
DGap_master_reverse,train,0,-0.1210617083002185,0.1210617083002185
DGap_master_reverse,train,0,0.038523755425214704,-0.038523755425214704
DGap_master_reverse,train,-1,-0.39639413003479035,-0.6036058699652096
DGap_master_reverse,train,0,-0.5023809268392336,0.5023809268392336
DGap_master_reverse,train,0,-0.5337909723229557,0.5337909723229557
DGap_master_reverse,test,-1,-0.39224392118051776,-0.6077560788194822
DGap_master_reverse,test,-1,-0.5239273201603192,-0.4760726798396808
DGap_master_reverse,test,1,-0.2920548040071028,1.292054804007103
DGap_master_reverse,test,0,0.42432913617871026,-0.42432913617871026
DGap_master_reverse,test,0,-0.48742659757376683,0.48742659757376683
DGap_master_reverse,test,0,0.2598676171036258,-0.2598676171036258
DGap_master_reverse,test,0,0.2527516657942866,-0.2527516657942866
DGap_master_reverse,test,0,0.25883522327480907,-0.25883522327480907
DGap_master_reverse,test,0,0.11874255294495512,-0.11874255294495512
DGap_master_reverse,test,-1,-0.5239273201603192,-0.4760726798396808
DGap_master_reverse,test,1,0.5224130023045483,0.47758699769545165
DGap_master_reverse,test,0,0.43128442149320567,-0.43128442149320567
DGap_master_reverse,test,1,0.4289515545426433,0.5710484454573568
DGap_master_reverse,test,0,-0.4958245458443108,0.4958245458443108
DGap_master_reverse,test,1,0.5528063947198387,0.4471936052801613
DGap_master_reverse,test,-1,-0.48893402397568025,-0.5110659760243197
DGap_master_reverse,test,0,-0.5660900375076415,0.5660900375076415
DGap_master_reverse,test,0,-0.4613019508773787,0.4613019508773787
DGap_master_reverse,test,0,-0.46937802886824626,0.46937802886824626
DGap_master_reverse,test,0,0.41236868426007933,-0.41236868426007933
DGap_master_reverse,test,1,0.23080548359254388,0.7691945164074561
DGap_master_reverse,test,0,0.6876296663981903,-0.6876296663981903
DGap_master_reverse,test,1,0.5837211668098364,0.41627883319016357
DGap_master_reverse,test,0,0.23095618047580435,-0.23095618047580435
DGap_master_reverse,test,1,0.6190218018488893,0.38097819815111067
DGap_master_reverse,test,1,0.43663426890445,0.56336573109555
DGap_master_reverse,test,0,-0.5140362043523286,0.5140362043523286
DGap_master_reverse,test,1,0.3255839993927285,0.6744160006072715
DGap_master_reverse,test,-1,-0.5271437762553866,-0.47285622374461345
DGap_master_reverse,test,0,-0.5164520646188898,0.5164520646188898
DGap_master_reverse,test,0,-0.5861140412472794,0.5861140412472794
DFlow_independent_reverse,train,0,0.3217884030352723,-0.3217884030352723
DFlow_independent_reverse,train,0,0.03537583718937372,-0.03537583718937372
DFlow_independent_reverse,train,1,0.02034791538150832,0.9796520846184917
DFlow_independent_reverse,train,0,-0.06253808004712658,0.06253808004712658
DFlow_independent_reverse,train,0,-0.0980576102602655,0.0980576102602655
DFlow_independent_reverse,train,0,-0.05415617956284732,0.05415617956284732
DFlow_independent_reverse,train,1,0.2900290790613369,0.7099709209386631
DFlow_independent_reverse,train,1,0.3017885324718462,0.6982114675281538
DFlow_independent_reverse,train,0,0.19337210362877114,-0.19337210362877114
DFlow_independent_reverse,train,-1,0.04674777385601386,-1.0467477738560138
DFlow_independent_reverse,train,0,0.1745855585435387,-0.1745855585435387
DFlow_independent_reverse,train,0,0.054405979384770764,-0.054405979384770764
DFlow_independent_reverse,train,0,0.14215694329810746,-0.14215694329810746
DFlow_independent_reverse,train,1,0.10113005734779976,0.8988699426522002
DFlow_independent_reverse,train,0,0.07959043710896996,-0.07959043710896996
DFlow_independent_reverse,train,0,0.23632023727232895,-0.23632023727232895
DFlow_independent_reverse,train,0,-0.02071460474573722,0.02071460474573722
DFlow_independent_reverse,train,1,0.36365377414034683,0.6363462258596532
DFlow_independent_reverse,train,1,0.362065351942426,0.637934648057574
DFlow_independent_reverse,train,0,-0.02421812925389913,0.02421812925389913
DFlow_independent_reverse,train,0,0.06616965572383111,-0.06616965572383111
DFlow_independent_reverse,train,0,0.24952045910606957,-0.24952045910606957
DFlow_independent_reverse,train,0,-0.134842762047867,0.134842762047867
DFlow_independent_reverse,train,0,0.11934417128107583,-0.11934417128107583
DFlow_independent_reverse,train,-1,0.08687561661395493,-1.086875616613955
DFlow_independent_reverse,train,0,-0.04612911910752002,0.04612911910752002
DFlow_independent_reverse,train,0,-0.05414230729847275,0.05414230729847275
DFlow_independent_reverse,train,0,-0.046235506498785356,0.046235506498785356
DFlow_independent_reverse,train,0,0.4983964299030149,-0.4983964299030149
DFlow_independent_reverse,train,0,0.06996140567920665,-0.06996140567920665
DFlow_independent_reverse,train,0,-0.08096623347785076,0.08096623347785076
DFlow_independent_reverse,train,0,0.1165779460317694,-0.1165779460317694
DFlow_independent_reverse,train,0,0.13254001465871598,-0.13254001465871598
DFlow_independent_reverse,train,0,0.05235336706183222,-0.05235336706183222
DFlow_independent_reverse,train,0,-0.026814699124888486,0.026814699124888486
DFlow_independent_reverse,train,0,0.180064029149149,-0.180064029149149
DFlow_independent_reverse,train,0,0.06644480997932951,-0.06644480997932951
DFlow_independent_reverse,train,0,-0.003665411130809343,0.003665411130809343
DFlow_independent_reverse,train,0,0.11813008135344373,-0.11813008135344373
DFlow_independent_reverse,train,0,0.01947382310409465,-0.01947382310409465
DFlow_independent_reverse,train,1,0.2900290790613369,0.7099709209386631
DFlow_independent_reverse,train,0,-0.05527481214294591,0.05527481214294591
DFlow_independent_reverse,train,0,0.3496153352453331,-0.3496153352453331
DFlow_independent_reverse,train,0,-0.08933561511725244,0.08933561511725244
DFlow_independent_reverse,train,0,0.146007160391449,-0.146007160391449
DFlow_independent_reverse,train,0,0.1407024961094168,-0.1407024961094168
DFlow_independent_reverse,train,0,0.08213930084402467,-0.08213930084402467
DFlow_independent_reverse,train,0,0.28066260139261373,-0.28066260139261373
DFlow_independent_reverse,train,0,0.09073189557920605,-0.09073189557920605
DFlow_independent_reverse,train,0,0.17197229578755008,-0.17197229578755008
DFlow_independent_reverse,train,1,0.362065351942426,0.637934648057574
DFlow_independent_reverse,train,0,0.17859417567198405,-0.17859417567198405
DFlow_independent_reverse,train,0,0.17154896313143958,-0.17154896313143958
DFlow_independent_reverse,train,0,0.04330852274272057,-0.04330852274272057
DFlow_independent_reverse,train,0,0.18150837625406446,-0.18150837625406446
DFlow_independent_reverse,train,0,0.12759323349686263,-0.12759323349686263
DFlow_independent_reverse,train,0,0.2009123287069579,-0.2009123287069579
DFlow_independent_reverse,train,1,0.3868350565135621,0.6131649434864379
DFlow_independent_reverse,train,0,-0.0564735175294154,0.0564735175294154
DFlow_independent_reverse,train,0,0.20615149712845543,-0.20615149712845543
DFlow_independent_reverse,train,0,0.09375724446541023,-0.09375724446541023
DFlow_independent_reverse,train,1,0.6102096672006038,0.38979033279939623
DFlow_independent_reverse,train,0,-1.1575526493168287e-05,1.1575526493168287e-05
DFlow_independent_reverse,train,0,-0.09636900643938384,0.09636900643938384
DFlow_independent_reverse,train,1,0.6102096672006038,0.38979033279939623
DFlow_independent_reverse,train,0,-0.0799903759508597,0.0799903759508597
DFlow_independent_reverse,train,0,0.20618471502313243,-0.20618471502313243
DFlow_independent_reverse,train,0,-0.00846336002878964,0.00846336002878964
DFlow_independent_reverse,train,0,0.18424251324513383,-0.18424251324513383
DFlow_independent_reverse,train,0,0.22955068500951842,-0.22955068500951842
DFlow_independent_reverse,train,0,0.19686328490572835,-0.19686328490572835
DFlow_independent_reverse,train,0,-0.03220684235238244,0.03220684235238244
DFlow_independent_reverse,train,0,0.14024802865165137,-0.14024802865165137
DFlow_independent_reverse,train,0,-0.08715489146184588,0.08715489146184588
DFlow_independent_reverse,train,0,-0.055836477766018106,0.055836477766018106
DFlow_independent_reverse,train,0,0.09525281330696757,-0.09525281330696757
DFlow_independent_reverse,train,-1,-0.034566674794075325,-0.9654333252059246
DFlow_independent_reverse,train,0,0.03008232606751192,-0.03008232606751192
DFlow_independent_reverse,train,0,0.014441802965497713,-0.014441802965497713
DFlow_independent_reverse,train,1,0.36365377414034683,0.6363462258596532
DFlow_independent_reverse,train,1,0.16672537674156634,0.8332746232584336
DFlow_independent_reverse,train,0,0.44856315340566644,-0.44856315340566644
DFlow_independent_reverse,train,0,0.0715410464369361,-0.0715410464369361
DFlow_independent_reverse,train,0,0.15434932796733716,-0.15434932796733716
DFlow_independent_reverse,train,0,0.1516424217468597,-0.1516424217468597
DFlow_independent_reverse,train,0,0.07231229850677448,-0.07231229850677448
DFlow_independent_reverse,train,0,0.13679692112568978,-0.13679692112568978
DFlow_independent_reverse,train,0,0.4983964299030149,-0.4983964299030149
DFlow_independent_reverse,train,0,0.14796274410221286,-0.14796274410221286
DFlow_independent_reverse,train,0,-0.06180228789053366,0.06180228789053366
DFlow_independent_reverse,train,0,0.1564706180981973,-0.1564706180981973
DFlow_independent_reverse,train,0,0.22515246556534013,-0.22515246556534013
DFlow_independent_reverse,train,0,-0.009973929557306194,0.009973929557306194
DFlow_independent_reverse,train,0,-0.07466160558974139,0.07466160558974139
DFlow_independent_reverse,train,1,0.13325519647008516,0.8667448035299148
DFlow_independent_reverse,train,0,0.06011799908391399,-0.06011799908391399
DFlow_independent_reverse,train,0,-0.044712178301877986,0.044712178301877986
DFlow_independent_reverse,train,0,-0.07699171898108334,0.07699171898108334
DFlow_independent_reverse,train,0,0.4768140935841455,-0.4768140935841455
DFlow_independent_reverse,train,0,0.014326071621744485,-0.014326071621744485
DFlow_independent_reverse,train,0,-0.05861228687631603,0.05861228687631603
DFlow_independent_reverse,train,1,0.2900290790613369,0.7099709209386631
DFlow_independent_reverse,train,0,0.08252503841251187,-0.08252503841251187
DFlow_independent_reverse,train,0,-0.023348156373850903,0.023348156373850903
DFlow_independent_reverse,train,0,0.007244735603315289,-0.007244735603315289
DFlow_independent_reverse,train,1,0.6102096672006038,0.38979033279939623
DFlow_independent_reverse,train,0,0.2712535451203486,-0.2712535451203486
DFlow_independent_reverse,train,0,0.4983964299030149,-0.4983964299030149
DFlow_independent_reverse,train,0,0.09854149476618036,-0.09854149476618036
DFlow_independent_reverse,train,0,-0.10859000748005421,0.10859000748005421
DFlow_independent_reverse,train,0,-0.06652552230328995,0.06652552230328995
DFlow_independent_reverse,train,0,0.1350134007222603,-0.1350134007222603
DFlow_independent_reverse,train,0,0.14318211750949064,-0.14318211750949064
DFlow_independent_reverse,train,0,0.15206505942289172,-0.15206505942289172
DFlow_independent_reverse,train,1,0.1525876472165164,0.8474123527834836
DFlow_independent_reverse,train,0,0.09863293485008559,-0.09863293485008559
DFlow_independent_reverse,train,0,-0.07829456335187299,0.07829456335187299
DFlow_independent_reverse,train,1,0.14763216248697197,0.852367837513028
DFlow_independent_reverse,train,0,0.3328592509244278,-0.3328592509244278
DFlow_independent_reverse,train,0,0.5229540635740075,-0.5229540635740075
DFlow_independent_reverse,train,0,-0.14534388431160045,0.14534388431160045
DFlow_independent_reverse,train,0,-0.09531864275268961,0.09531864275268961
DFlow_independent_reverse,train,0,-0.04949820118710874,0.04949820118710874
DFlow_independent_reverse,test,0,-0.15861953879049073,0.15861953879049073
DFlow_independent_reverse,test,0,-0.07769710416223977,0.07769710416223977
DFlow_independent_reverse,test,0,-0.009068885012616545,0.009068885012616545
DFlow_independent_reverse,test,0,0.13989303044876292,-0.13989303044876292
DFlow_independent_reverse,test,0,0.27709858314352365,-0.27709858314352365
DFlow_independent_reverse,test,0,0.561699388367926,-0.561699388367926
DFlow_independent_reverse,test,1,0.14300288797156419,0.8569971120284359
DFlow_independent_reverse,test,0,0.078547020495261,-0.078547020495261
DFlow_independent_reverse,test,1,0.6102096672006038,0.38979033279939623
DFlow_independent_reverse,test,0,0.040575498248455716,-0.040575498248455716
DFlow_independent_reverse,test,0,0.13536491738627004,-0.13536491738627004
DFlow_independent_reverse,test,0,0.10642619420814219,-0.10642619420814219
DFlow_independent_reverse,test,0,0.20410969083390673,-0.20410969083390673
DFlow_independent_reverse,test,0,-0.07056838221781664,0.07056838221781664
DFlow_independent_reverse,test,0,0.3251264133591,-0.3251264133591
DFlow_independent_reverse,test,0,-0.02431159858714868,0.02431159858714868
DFlow_independent_reverse,test,0,0.27847516922458093,-0.27847516922458093
DFlow_independent_reverse,test,-1,0.033761167778597584,-1.0337611677785976
DFlow_independent_reverse,test,-1,0.08687561661395493,-1.086875616613955
DFlow_independent_reverse,test,0,0.161125790679917,-0.161125790679917
DFlow_independent_reverse,test,0,0.12557379026515839,-0.12557379026515839
DFlow_independent_reverse,test,1,-0.005641727953201003,1.005641727953201
DFlow_independent_reverse,test,0,0.13207154183716968,-0.13207154183716968
DFlow_independent_reverse,test,0,0.05549684042929662,-0.05549684042929662
DFlow_independent_reverse,test,0,0.20308474674465657,-0.20308474674465657
DFlow_independent_reverse,test,0,0.14876142561608155,-0.14876142561608155
DFlow_independent_reverse,test,0,-0.06498311530642076,0.06498311530642076
DFlow_independent_reverse,test,0,0.22988795199262954,-0.22988795199262954
DFlow_independent_reverse,test,0,0.020204950571479474,-0.020204950571479474
DFlow_independent_reverse,test,0,0.08975950862655963,-0.08975950862655963
DFlow_independent_reverse,test,0,0.1666607757834913,-0.1666607757834913
DFlow_collaborative_actual_reverse,train,0,0.37637418630629743,-0.37637418630629743
DFlow_collaborative_actual_reverse,train,0,0.10762596099903372,-0.10762596099903372
DFlow_collaborative_actual_reverse,train,1,-0.0016782062124519187,1.0016782062124518
DFlow_collaborative_actual_reverse,train,0,0.023235750691020726,-0.023235750691020726
DFlow_collaborative_actual_reverse,train,0,-0.13979525428235623,0.13979525428235623
DFlow_collaborative_actual_reverse,train,0,0.014959752862708633,-0.014959752862708633
DFlow_collaborative_actual_reverse,train,1,0.273106933290992,0.726893066709008
DFlow_collaborative_actual_reverse,train,1,0.3357614095270711,0.6642385904729289
DFlow_collaborative_actual_reverse,train,0,0.16521400911438916,-0.16521400911438916
DFlow_collaborative_actual_reverse,train,-1,-0.02381651895541538,-0.9761834810445846
DFlow_collaborative_actual_reverse,train,0,0.16564981443753363,-0.16564981443753363
DFlow_collaborative_actual_reverse,train,0,0.04853984464223164,-0.04853984464223164
DFlow_collaborative_actual_reverse,train,0,0.11290374520424508,-0.11290374520424508
DFlow_collaborative_actual_reverse,train,1,0.06341433262831792,0.9365856673716821
DFlow_collaborative_actual_reverse,train,0,0.06145405543471617,-0.06145405543471617
DFlow_collaborative_actual_reverse,train,0,0.25682005145334913,-0.25682005145334913
DFlow_collaborative_actual_reverse,train,0,-0.06346078700994197,0.06346078700994197
DFlow_collaborative_actual_reverse,train,1,0.39577890837456325,0.6042210916254367
DFlow_collaborative_actual_reverse,train,1,0.40315286849867205,0.596847131501328
DFlow_collaborative_actual_reverse,train,0,0.05696276787382838,-0.05696276787382838
DFlow_collaborative_actual_reverse,train,0,0.014315152999347117,-0.014315152999347117
DFlow_collaborative_actual_reverse,train,0,0.16585168477559575,-0.16585168477559575
DFlow_collaborative_actual_reverse,train,0,-0.06482506181177446,0.06482506181177446
DFlow_collaborative_actual_reverse,train,0,0.11206719972674564,-0.11206719972674564
DFlow_collaborative_actual_reverse,train,-1,0.024018070810644096,-1.024018070810644
DFlow_collaborative_actual_reverse,train,0,0.03920904969000255,-0.03920904969000255
DFlow_collaborative_actual_reverse,train,0,0.027733732238417616,-0.027733732238417616
DFlow_collaborative_actual_reverse,train,0,-0.08751090587210351,0.08751090587210351
DFlow_collaborative_actual_reverse,train,0,0.4813412482130085,-0.4813412482130085
DFlow_collaborative_actual_reverse,train,0,0.022342299868251467,-0.022342299868251467
DFlow_collaborative_actual_reverse,train,0,-0.12736073480137788,0.12736073480137788
DFlow_collaborative_actual_reverse,train,0,0.09052313766984882,-0.09052313766984882
DFlow_collaborative_actual_reverse,train,0,0.196261118002598,-0.196261118002598
DFlow_collaborative_actual_reverse,train,0,0.03624064409363645,-0.03624064409363645
DFlow_collaborative_actual_reverse,train,0,-0.0941730079187877,0.0941730079187877
DFlow_collaborative_actual_reverse,train,0,0.24935074337855473,-0.24935074337855473
DFlow_collaborative_actual_reverse,train,0,-0.07517829446775577,0.07517829446775577
DFlow_collaborative_actual_reverse,train,0,0.07491416341888914,-0.07491416341888914
DFlow_collaborative_actual_reverse,train,0,0.09321276827870782,-0.09321276827870782
DFlow_collaborative_actual_reverse,train,0,0.10178751022186754,-0.10178751022186754
DFlow_collaborative_actual_reverse,train,1,0.273106933290992,0.726893066709008
DFlow_collaborative_actual_reverse,train,0,0.02401461199303144,-0.02401461199303144
DFlow_collaborative_actual_reverse,train,0,0.4157359171192677,-0.4157359171192677
DFlow_collaborative_actual_reverse,train,0,-0.007631443345457997,0.007631443345457997
DFlow_collaborative_actual_reverse,train,0,0.14796565454967825,-0.14796565454967825
DFlow_collaborative_actual_reverse,train,0,0.19739502880649729,-0.19739502880649729
DFlow_collaborative_actual_reverse,train,0,0.014190958711881113,-0.014190958711881113
DFlow_collaborative_actual_reverse,train,0,0.20347720196226587,-0.20347720196226587
DFlow_collaborative_actual_reverse,train,0,-0.015199564375772315,0.015199564375772315
DFlow_collaborative_actual_reverse,train,0,0.07442880657171694,-0.07442880657171694
DFlow_collaborative_actual_reverse,train,1,0.40315286849867205,0.596847131501328
DFlow_collaborative_actual_reverse,train,0,0.19355354911641992,-0.19355354911641992
DFlow_collaborative_actual_reverse,train,0,0.17086252093167964,-0.17086252093167964
DFlow_collaborative_actual_reverse,train,0,-0.009819540609400199,0.009819540609400199
DFlow_collaborative_actual_reverse,train,0,0.3005411104620229,-0.3005411104620229
DFlow_collaborative_actual_reverse,train,0,0.20718981269678288,-0.20718981269678288
DFlow_collaborative_actual_reverse,train,0,0.10674038570941731,-0.10674038570941731
DFlow_collaborative_actual_reverse,train,1,0.4054783074256346,0.5945216925743654
DFlow_collaborative_actual_reverse,train,0,-0.09233970049018268,0.09233970049018268
DFlow_collaborative_actual_reverse,train,0,0.27682750792420757,-0.27682750792420757
DFlow_collaborative_actual_reverse,train,0,0.029672901569988933,-0.029672901569988933
DFlow_collaborative_actual_reverse,train,1,0.6237404861798739,0.3762595138201261
DFlow_collaborative_actual_reverse,train,0,0.01997223404882867,-0.01997223404882867
DFlow_collaborative_actual_reverse,train,0,-0.027775122801238103,0.027775122801238103
DFlow_collaborative_actual_reverse,train,1,0.6237404861798739,0.3762595138201261
DFlow_collaborative_actual_reverse,train,0,-0.00556883602026044,0.00556883602026044
DFlow_collaborative_actual_reverse,train,0,0.18311769083285392,-0.18311769083285392
DFlow_collaborative_actual_reverse,train,0,-0.06371359839764008,0.06371359839764008
DFlow_collaborative_actual_reverse,train,0,0.172940820655134,-0.172940820655134
DFlow_collaborative_actual_reverse,train,0,0.2963978795218226,-0.2963978795218226
DFlow_collaborative_actual_reverse,train,0,0.16638091577027297,-0.16638091577027297
DFlow_collaborative_actual_reverse,train,0,0.050721609582868823,-0.050721609582868823
DFlow_collaborative_actual_reverse,train,0,0.24898740045057827,-0.24898740045057827
DFlow_collaborative_actual_reverse,train,0,-0.12364266261993838,0.12364266261993838
DFlow_collaborative_actual_reverse,train,0,-0.09995938668865063,0.09995938668865063
DFlow_collaborative_actual_reverse,train,0,0.05208447087584435,-0.05208447087584435
DFlow_collaborative_actual_reverse,train,-1,-0.10758649745713926,-0.8924135025428608
DFlow_collaborative_actual_reverse,train,0,-0.006588983275957513,0.006588983275957513
DFlow_collaborative_actual_reverse,train,0,0.07993671406138646,-0.07993671406138646
DFlow_collaborative_actual_reverse,train,1,0.39577890837456325,0.6042210916254367
DFlow_collaborative_actual_reverse,train,1,0.16081440236241074,0.8391855976375893
DFlow_collaborative_actual_reverse,train,0,0.5522353791771748,-0.5522353791771748
DFlow_collaborative_actual_reverse,train,0,0.03429298127696026,-0.03429298127696026
DFlow_collaborative_actual_reverse,train,0,0.041574199449327026,-0.041574199449327026
DFlow_collaborative_actual_reverse,train,0,0.08403858125991476,-0.08403858125991476
DFlow_collaborative_actual_reverse,train,0,0.13117531117264927,-0.13117531117264927
DFlow_collaborative_actual_reverse,train,0,0.05684109249026875,-0.05684109249026875
DFlow_collaborative_actual_reverse,train,0,0.4813412482130085,-0.4813412482130085
DFlow_collaborative_actual_reverse,train,0,0.09762361996914906,-0.09762361996914906
DFlow_collaborative_actual_reverse,train,0,-0.10167890080511356,0.10167890080511356
DFlow_collaborative_actual_reverse,train,0,0.06564855075225554,-0.06564855075225554
DFlow_collaborative_actual_reverse,train,0,0.18812840300536665,-0.18812840300536665
DFlow_collaborative_actual_reverse,train,0,0.053791822434282446,-0.053791822434282446
DFlow_collaborative_actual_reverse,train,0,0.003770364294670467,-0.003770364294670467
DFlow_collaborative_actual_reverse,train,1,0.21301454215762852,0.7869854578423715
DFlow_collaborative_actual_reverse,train,0,0.07716088951792692,-0.07716088951792692
DFlow_collaborative_actual_reverse,train,0,0.037431965951829696,-0.037431965951829696
DFlow_collaborative_actual_reverse,train,0,-0.009055615309650614,0.009055615309650614
DFlow_collaborative_actual_reverse,train,0,0.4478898701663605,-0.4478898701663605
DFlow_collaborative_actual_reverse,train,0,-0.03387861816703937,0.03387861816703937
DFlow_collaborative_actual_reverse,train,0,0.014401819848971306,-0.014401819848971306
DFlow_collaborative_actual_reverse,train,1,0.273106933290992,0.726893066709008
DFlow_collaborative_actual_reverse,train,0,0.06396647928379559,-0.06396647928379559
DFlow_collaborative_actual_reverse,train,0,-0.052447485528790125,0.052447485528790125
DFlow_collaborative_actual_reverse,train,0,-0.04083098209506429,0.04083098209506429
DFlow_collaborative_actual_reverse,train,1,0.6237404861798739,0.3762595138201261
DFlow_collaborative_actual_reverse,train,0,0.34475965037073597,-0.34475965037073597
DFlow_collaborative_actual_reverse,train,0,0.4813412482130085,-0.4813412482130085
DFlow_collaborative_actual_reverse,train,0,0.010067521987895359,-0.010067521987895359
DFlow_collaborative_actual_reverse,train,0,-0.15154134720656742,0.15154134720656742
DFlow_collaborative_actual_reverse,train,0,0.006367298922868567,-0.006367298922868567
DFlow_collaborative_actual_reverse,train,0,0.03447937036877012,-0.03447937036877012
DFlow_collaborative_actual_reverse,train,0,0.10196543631356406,-0.10196543631356406
DFlow_collaborative_actual_reverse,train,0,0.25840580343664665,-0.25840580343664665
DFlow_collaborative_actual_reverse,train,1,0.1728189542496535,0.8271810457503466
DFlow_collaborative_actual_reverse,train,0,0.10574272273201722,-0.10574272273201722
DFlow_collaborative_actual_reverse,train,0,-0.23631919282593777,0.23631919282593777
DFlow_collaborative_actual_reverse,train,1,0.18195429522150308,0.8180457047784969
DFlow_collaborative_actual_reverse,train,0,0.27325004121094765,-0.27325004121094765
DFlow_collaborative_actual_reverse,train,0,0.5635779369297934,-0.5635779369297934
DFlow_collaborative_actual_reverse,train,0,-0.08490550896483852,0.08490550896483852
DFlow_collaborative_actual_reverse,train,0,-0.14518308049094308,0.14518308049094308
DFlow_collaborative_actual_reverse,train,0,-0.0915109920038173,0.0915109920038173
DFlow_collaborative_actual_reverse,test,0,-0.09590853934078998,0.09590853934078998
DFlow_collaborative_actual_reverse,test,0,-8.148963303931944e-05,8.148963303931944e-05
DFlow_collaborative_actual_reverse,test,0,-0.16605729449204554,0.16605729449204554
DFlow_collaborative_actual_reverse,test,0,0.21271295783775285,-0.21271295783775285
DFlow_collaborative_actual_reverse,test,0,0.2900748686555624,-0.2900748686555624
DFlow_collaborative_actual_reverse,test,0,0.6060173264300676,-0.6060173264300676
DFlow_collaborative_actual_reverse,test,1,0.15623094906698748,0.8437690509330125
DFlow_collaborative_actual_reverse,test,0,0.10273951950872906,-0.10273951950872906
DFlow_collaborative_actual_reverse,test,1,0.6237404861798739,0.3762595138201261
DFlow_collaborative_actual_reverse,test,0,0.09077426909806428,-0.09077426909806428
DFlow_collaborative_actual_reverse,test,0,0.06281300609117257,-0.06281300609117257
DFlow_collaborative_actual_reverse,test,0,0.12417641517279111,-0.12417641517279111
DFlow_collaborative_actual_reverse,test,0,0.10571145119397592,-0.10571145119397592
DFlow_collaborative_actual_reverse,test,0,-0.11058338109071499,0.11058338109071499
DFlow_collaborative_actual_reverse,test,0,0.247839532716281,-0.247839532716281
DFlow_collaborative_actual_reverse,test,0,0.04003761416496392,-0.04003761416496392
DFlow_collaborative_actual_reverse,test,0,0.3003327403553631,-0.3003327403553631
DFlow_collaborative_actual_reverse,test,-1,-0.04393395693757847,-0.9560660430624215
DFlow_collaborative_actual_reverse,test,-1,0.024018070810644096,-1.024018070810644
DFlow_collaborative_actual_reverse,test,0,0.225161910501038,-0.225161910501038
DFlow_collaborative_actual_reverse,test,0,0.005320284184570062,-0.005320284184570062
DFlow_collaborative_actual_reverse,test,1,-0.016022281828809173,1.0160222818288092
DFlow_collaborative_actual_reverse,test,0,0.046252896841951135,-0.046252896841951135
DFlow_collaborative_actual_reverse,test,0,0.007053193570235219,-0.007053193570235219
DFlow_collaborative_actual_reverse,test,0,0.10994018805131628,-0.10994018805131628
DFlow_collaborative_actual_reverse,test,0,0.07610358051244619,-0.07610358051244619
DFlow_collaborative_actual_reverse,test,0,-0.11305245793876868,0.11305245793876868
DFlow_collaborative_actual_reverse,test,0,0.16996867823261536,-0.16996867823261536
DFlow_collaborative_actual_reverse,test,0,0.08768320997605224,-0.08768320997605224
DFlow_collaborative_actual_reverse,test,0,0.0885316668772966,-0.0885316668772966
DFlow_collaborative_actual_reverse,test,0,0.16725648017336503,-0.16725648017336503
DFlow_collaborative_deploy_reverse,test,0,-0.16659787261318754,0.16659787261318754
DFlow_collaborative_deploy_reverse,test,0,-0.05545446161949712,0.05545446161949712
DFlow_collaborative_deploy_reverse,test,0,-0.015775798626022505,0.015775798626022505
DFlow_collaborative_deploy_reverse,test,0,0.16335838160251487,-0.16335838160251487
DFlow_collaborative_deploy_reverse,test,0,0.34676843767530896,-0.34676843767530896
DFlow_collaborative_deploy_reverse,test,0,0.5757916006293088,-0.5757916006293088
DFlow_collaborative_deploy_reverse,test,1,0.12683289389131422,0.8731671061086858
DFlow_collaborative_deploy_reverse,test,0,0.07263387351297257,-0.07263387351297257
DFlow_collaborative_deploy_reverse,test,1,0.6099293007532375,0.3900706992467625
DFlow_collaborative_deploy_reverse,test,0,0.035401297111606486,-0.035401297111606486
DFlow_collaborative_deploy_reverse,test,0,0.11836211143658394,-0.11836211143658394
DFlow_collaborative_deploy_reverse,test,0,0.07401285569783635,-0.07401285569783635
DFlow_collaborative_deploy_reverse,test,0,0.17213124571751137,-0.17213124571751137
DFlow_collaborative_deploy_reverse,test,0,-0.052913029797965236,0.052913029797965236
DFlow_collaborative_deploy_reverse,test,0,0.2998535213913721,-0.2998535213913721
DFlow_collaborative_deploy_reverse,test,0,-0.019405498561345505,0.019405498561345505
DFlow_collaborative_deploy_reverse,test,0,0.366175812466284,-0.366175812466284
DFlow_collaborative_deploy_reverse,test,-1,0.009721001821729733,-1.0097210018217297
DFlow_collaborative_deploy_reverse,test,-1,0.07861237446262573,-1.0786123744626257
DFlow_collaborative_deploy_reverse,test,0,0.17719847851137777,-0.17719847851137777
DFlow_collaborative_deploy_reverse,test,0,0.09478684719656691,-0.09478684719656691
DFlow_collaborative_deploy_reverse,test,1,-0.09600187290163985,1.0960018729016399
DFlow_collaborative_deploy_reverse,test,0,0.09467112612693475,-0.09467112612693475
DFlow_collaborative_deploy_reverse,test,0,-0.01980978482183017,0.01980978482183017
DFlow_collaborative_deploy_reverse,test,0,0.1542525293954504,-0.1542525293954504
DFlow_collaborative_deploy_reverse,test,0,0.1416297830590601,-0.1416297830590601
DFlow_collaborative_deploy_reverse,test,0,-0.053263871974936775,0.053263871974936775
DFlow_collaborative_deploy_reverse,test,0,0.24841136123097857,-0.24841136123097857
DFlow_collaborative_deploy_reverse,test,0,0.032684350474494486,-0.032684350474494486
DFlow_collaborative_deploy_reverse,test,0,0.14860124641317835,-0.14860124641317835
DFlow_collaborative_deploy_reverse,test,0,0.23542858447849854,-0.23542858447849854
