fold_id,model,rmse,mae,r2
1,forward_master,0.4047173584499046,0.26640726104194923,-0.02213045949138004
1,forward_independent,0.5327079501724332,0.49384706025050346,0.34758270925833523
1,forward_collaborative_actual,0.4679406337310127,0.4178794341521417,0.4965821347717342
1,forward_collaborative_deploy,0.5333911959951424,0.49544018317414557,0.3459080683863912
2,forward_master,0.45954615126187126,0.3125014320527556,0.12523042586571387
2,forward_independent,0.4482638676766189,0.4118906254273545,0.4809037210836299
2,forward_collaborative_actual,0.36224826938798255,0.30405068149209835,0.66100516092398
2,forward_collaborative_deploy,0.47439257364489634,0.4361291546918346,0.4186251890156433
3,forward_master,0.30114020786534174,0.2077768360057687,0.1930676553125258
3,forward_independent,0.5420650831197683,0.5044928837275565,0.4306955509708199
3,forward_collaborative_actual,0.5394655526114932,0.45697106418847583,0.436142777744554
3,forward_collaborative_deploy,0.5476940274962124,0.49741374055170706,0.41881055122464506
4,forward_master,0.31038052981746256,0.21762064868918785,0.22850861307110193
4,forward_independent,0.4613176371831486,0.40898555437342204,0.5592365994750655
4,forward_collaborative_actual,0.4254321676901326,0.3665890116293678,0.6251426278823069
4,forward_collaborative_deploy,0.44788150051709813,0.39529558001962917,0.584537666371261
5,forward_master,0.41008864041254695,0.27900773909115795,-0.21084338956696103
5,forward_independent,0.49138930112250606,0.4203438466600643,0.322999686193463
5,forward_collaborative_actual,0.48990925982554956,0.39601563207239504,0.3270717302911651
5,forward_collaborative_deploy,0.5223076922726039,0.45798582985923975,0.23512525586785127
6,forward_master,0.5705213539499965,0.4018912492039459,0.06904665084603379
6,forward_independent,0.47980920992797466,0.45833104484638443,0.09328516519520191
6,forward_collaborative_actual,0.3788909872953889,0.32928647844365005,0.43459178924679787
6,forward_collaborative_deploy,0.49486510005473333,0.47057158051759773,0.03548893430595801
7,forward_master,0.24369752684664261,0.17439644025579779,0.32056745604625647
7,forward_independent,0.5728161628388057,0.48939072232250874,0.3591021534361637
7,forward_collaborative_actual,0.5864956523488817,0.47519519141141175,0.32812593218414887
7,forward_collaborative_deploy,0.5875809448569109,0.49645973807834387,0.3256370661476802
8,forward_master,0.37271353291606923,0.2558403947847046,0.21471954181384967
8,forward_independent,0.44065263207800365,0.4084206348243684,0.5759047108792301
8,forward_collaborative_actual,0.39435822217936484,0.33852683863881383,0.6603336602003389
8,forward_collaborative_deploy,0.44114863538035876,0.4118194044602091,0.5749494411896989
9,forward_master,0.33895661142495576,0.25070478515498024,-2.680360421198985
9,forward_independent,0.5149574707157443,0.4977126765038507,0.44600189135486024
9,forward_collaborative_actual,0.4736391071992771,0.44754201961850787,0.5313370049616181
9,forward_collaborative_deploy,0.518002173196133,0.4992661072822967,0.4394314616740961
10,forward_master,0.39563658747365166,0.24889399252977046,-0.21444377942255866
10,forward_independent,0.5348577127090116,0.4701484141521363,0.294615080657852
10,forward_collaborative_actual,0.48879553997167374,0.39963784933890756,0.41087952902306846
10,forward_collaborative_deploy,0.563846247955104,0.5067804167298768,0.21608128164453788
11,forward_master,0.4182361431804927,0.27956660052581955,-1.001184929469718
11,forward_independent,0.5240517532894917,0.476751259204961,0.523610720648223
11,forward_collaborative_actual,0.45095727538556796,0.3923534277585259,0.6472358698222542
11,forward_collaborative_deploy,0.5222929499433078,0.4809701042756718,0.526803035264217
12,forward_master,0.32678645860808797,0.23555220425204507,0.04977219131517929
12,forward_independent,0.48836247810762745,0.42875173336121647,0.466984903412769
12,forward_collaborative_actual,0.4667151696453297,0.39091923931291167,0.51319081245683
12,forward_collaborative_deploy,0.4769426342336644,0.43078611538198813,0.49162144285556564
13,forward_master,0.35978050597349426,0.24305357658492002,0.1922482208319456
13,forward_independent,0.5176003415693358,0.4664778588303108,0.38406311205124877
13,forward_collaborative_actual,0.5069343445880719,0.4293360226638913,0.4091863278379345
13,forward_collaborative_deploy,0.5474646563976256,0.49404647268717705,0.31093644604212434
14,forward_master,0.38881198551728974,0.2564537243714483,-0.11753034183617794
14,forward_independent,0.51027599880009,0.46786708741502164,0.3380245694488794
14,forward_collaborative_actual,0.48767878556673216,0.4162304119320627,0.3953566016559239
14,forward_collaborative_deploy,0.5419181004147878,0.4898773693635329,0.2533812336443326
15,forward_master,0.47827748243038,0.3269644349805484,-0.08928261999972609
15,forward_independent,0.45890200579543,0.4067505655558004,0.2954202757220745
15,forward_collaborative_actual,0.4051317615488018,0.3264256757482253,0.4508603353380236
15,forward_collaborative_deploy,0.47593465919249645,0.42079871863640933,0.24214713814643152
16,forward_master,0.3542366788654134,0.24398059677941514,-0.11657188233433091
16,forward_independent,0.5247801709927852,0.4969498911423372,0.4296253168525962
16,forward_collaborative_actual,0.4817283986591241,0.43364387018658435,0.5193710725823896
16,forward_collaborative_deploy,0.5394628020949283,0.5114672919181134,0.39726221904053594
17,forward_master,0.4073912291311416,0.25624655404387187,0.12365452393606535
17,forward_independent,0.5791399132341855,0.5121760801104942,0.1335421489893419
17,forward_collaborative_actual,0.5609608553490658,0.4687721360911102,0.18708420681228166
17,forward_collaborative_deploy,0.5823642879475796,0.5147201849175762,0.12386724331854737
18,forward_master,0.27843275974154297,0.1934209605755596,0.11307935201074504
18,forward_independent,0.4695901649674884,0.40843384357820733,0.5727523366212511
18,forward_collaborative_actual,0.45994071902718764,0.383808675570799,0.5901306615252102
18,forward_collaborative_deploy,0.4899413552679691,0.4249536721189045,0.5349175950214847
19,forward_master,0.384839579717677,0.2596277333571511,0.16279092038409126
19,forward_independent,0.4598338909250382,0.4140412981557436,0.49452545731151065
19,forward_collaborative_actual,0.39791120747357417,0.35164688762603524,0.621496693530379
19,forward_collaborative_deploy,0.45427275450775395,0.4055396778062061,0.5066777368059014
20,forward_master,0.444728503969218,0.3170287575638585,0.11440249742075193
20,forward_independent,0.43426320378767697,0.40977102799235837,0.5285386745901564
20,forward_collaborative_actual,0.3780140806382293,0.3134688894532477,0.6427633870980858
20,forward_collaborative_deploy,0.46494591222364234,0.4316068475675106,0.45956324676631277
21,forward_master,0.28657414337454346,0.2092042638260635,-1.6307291601490022
21,forward_independent,0.5192556209319739,0.49731825401042623,0.38011729599392063
21,forward_collaborative_actual,0.5436319038433443,0.5002984542139212,0.32055082141588076
21,forward_collaborative_deploy,0.5334750704588961,0.5093662226250352,0.3457023434931096
22,forward_master,0.39391069992743905,0.27465648685988964,0.1124155977610165
22,forward_independent,0.5040813863043384,0.4575493592772838,0.2644933123440302
22,forward_collaborative_actual,0.47274199115536686,0.3950408368001253,0.3531051940250577
22,forward_collaborative_deploy,0.5299078487687019,0.4766308271083248,0.18719567051990005
23,forward_master,0.4946314877852115,0.33579180785203583,0.036399357914032704
23,forward_independent,0.47303522298337763,0.42488027711921894,0.41566415321250183
23,forward_collaborative_actual,0.45024214365689114,0.3632125706735375,0.4706196021856327
23,forward_collaborative_deploy,0.4928215769527074,0.441280504866295,0.3657580012270185
24,forward_master,0.4455489053416881,0.2880633581573813,0.10013307643311009
24,forward_independent,0.47879168038261566,0.4075098894703639,0.3364426031666625
24,forward_collaborative_actual,0.4010728240803707,0.31153400213721916,0.5343798397066637
24,forward_collaborative_deploy,0.4875588602627844,0.4160829208339246,0.31191924646344504
25,forward_master,0.3291357662737397,0.22873177033984965,-0.6249552896090269
25,forward_independent,0.5221693563018769,0.4740894389760076,0.5882638372573075
25,forward_collaborative_actual,0.4586166255243835,0.4076895451139748,0.6823887780425583
25,forward_collaborative_deploy,0.5351238715463431,0.4876657783338493,0.567580868944845
26,forward_master,0.3550278387038917,0.2519241354117477,0.17034917554232165
26,forward_independent,0.5084825203263998,0.45043216849542705,0.15486105778277037
26,forward_collaborative_actual,0.48366617325290046,0.39775897240729274,0.23534155976091997
26,forward_collaborative_deploy,0.5325550947676315,0.4742878418951125,0.07294575941018566
27,forward_master,0.370296286631723,0.24607896076969227,-0.06267488417263412
27,forward_independent,0.49219949839427796,0.44723584801552607,0.4894469457960191
27,forward_collaborative_actual,0.4887776863392044,0.4015004679958817,0.4965210850367445
27,forward_collaborative_deploy,0.4836225246191422,0.42700432930585847,0.5070855104987894
28,forward_master,0.4258579618725502,0.30993228481363894,0.09228042423790128
28,forward_independent,0.5137691616296084,0.45510634939656347,0.42349009060143494
28,forward_collaborative_actual,0.4473443107032141,0.38010819574449867,0.5629264273679297
28,forward_collaborative_deploy,0.5305224984120398,0.4754562646066307,0.3852786122958639
29,forward_master,0.4020228646185646,0.25547006069279354,0.0863581722779514
29,forward_independent,0.48502753727254405,0.44410257618410764,0.2310309688840987
29,forward_collaborative_actual,0.46658410241658466,0.3980732694645751,0.2884000123557747
29,forward_collaborative_deploy,0.5345623086311948,0.4920560476739745,0.0659444074879002
30,forward_master,0.31785662236718476,0.21916515449136675,0.12567741207300387
30,forward_independent,0.5851581416021779,0.5442612400462452,0.3525860386239853
30,forward_collaborative_actual,0.5141516396353174,0.4559627233021006,0.5001749628451329
30,forward_collaborative_deploy,0.5552999827436781,0.5143621313172823,0.41697003413526
31,forward_master,0.35604389993685165,0.24445110190048489,-0.32416669123516617
31,forward_independent,0.5465688459602577,0.4918644385625579,0.38127857598549775
31,forward_collaborative_actual,0.5194992317086039,0.44409454799418946,0.44104708377641744
31,forward_collaborative_deploy,0.5390169467909192,0.4862178379339205,0.39825810896633607
32,forward_master,0.34427808221776096,0.22078352954204977,0.12380900478758972
32,forward_independent,0.54932370386908,0.48260270358183105,0.3695912458722187
32,forward_collaborative_actual,0.47748627002861416,0.4120931022342758,0.5236925963450634
32,forward_collaborative_deploy,0.5457341910464978,0.4901587341686317,0.3778030417535533
33,forward_master,0.39840736559619433,0.2757617655347662,0.16187900971533487
33,forward_independent,0.4899198432118546,0.45769954834724563,0.3215864231923774
33,forward_collaborative_actual,0.4551407546905371,0.38931910898628663,0.41448783698929115
33,forward_collaborative_deploy,0.49291485266252166,0.4553603049941316,0.31326642662271165
34,forward_master,0.37951907523789136,0.26107044699056714,-0.06474903122397468
34,forward_independent,0.46227488335907385,0.4077462868601454,0.35011442043973395
34,forward_collaborative_actual,0.46538975067597876,0.368157008532942,0.3413268897059688
34,forward_collaborative_deploy,0.49574658107483616,0.44009561335121283,0.25259541008183284
35,forward_master,0.4350199925636181,0.31606645614891277,0.15264599732813267
35,forward_independent,0.45245505509093825,0.4331683589246913,0.5896569728516492
35,forward_collaborative_actual,0.4011500931485353,0.35277982136109765,0.6774404064370364
35,forward_collaborative_deploy,0.4774281008676247,0.44084697700905817,0.5431095047922937
36,forward_master,0.41482052167979205,0.2750937388857119,0.0914005567932209
36,forward_independent,0.5347178006093378,0.48709477390690303,0.10205188116589425
36,forward_collaborative_actual,0.4921011298456168,0.40697728955070467,0.2394799194852466
36,forward_collaborative_deploy,0.542850989278006,0.49379765671974524,0.07452811799259673
37,forward_master,0.39712251464415865,0.25041557246208174,0.015871777510095275
37,forward_independent,0.45857824660565194,0.42519690073587235,0.5644557285823762
37,forward_collaborative_actual,0.42799922591874706,0.37405163833490485,0.6206051999376039
37,forward_collaborative_deploy,0.45938878821788254,0.4232092019238608,0.5629147102383125
38,forward_master,0.49287504125798226,0.35623407699995757,-0.2687592383127735
38,forward_independent,0.5290721125813417,0.4752618175121342,0.3744173823275727
38,forward_collaborative_actual,0.4951217504068931,0.3928393802382648,0.45212820612866933
38,forward_collaborative_deploy,0.6011861842207805,0.5410157648753402,0.19225753534390133
39,forward_master,0.28790525484029234,0.20779831932309462,-0.37339220292814135
39,forward_independent,0.6002823984264578,0.5131655858362113,0.3610964234242501
39,forward_collaborative_actual,0.5248515273129503,0.43331151626010483,0.511575959742528
39,forward_collaborative_deploy,0.5704690828079444,0.4854858590992909,0.4229833755782517
40,forward_master,0.34746829331394796,0.23072848727322523,0.22935607537122693
40,forward_independent,0.44028008924529083,0.4086374420718817,0.46972066478037355
40,forward_collaborative_actual,0.4113552147049013,0.36585207545695814,0.5371069866309305
40,forward_collaborative_deploy,0.462235780223513,0.4205875072427434,0.4155145140822012
41,forward_master,0.3249101460202529,0.21062952770370397,-0.10271201598274837
41,forward_independent,0.4674066974294508,0.4265485292034302,0.5607767175928202
41,forward_collaborative_actual,0.42914971097723476,0.39170160365988854,0.6297345921987401
41,forward_collaborative_deploy,0.47660941158534015,0.43955426748368126,0.5433108232333326
42,forward_master,0.36822337120725035,0.24978503431375632,-0.20648612509450448
42,forward_independent,0.5835934312401502,0.4989812970497564,0.08062184674108863
42,forward_collaborative_actual,0.5461924224576689,0.44332862397219364,0.19468696062213553
42,forward_collaborative_deploy,0.5803738302573339,0.5012342753893397,0.09073801877383847
43,forward_master,0.4115059526305919,0.2583189313956013,0.1524322904299742
43,forward_independent,0.4776507135873433,0.4395187683089449,0.4435219638906883
43,forward_collaborative_actual,0.42972511803585056,0.35874692330498403,0.549589356179798
43,forward_collaborative_deploy,0.49546787302651013,0.4507034211835268,0.40123257592243955
44,forward_master,0.42671475180961055,0.3117266946423128,0.24575799260831033
44,forward_independent,0.46590302926671184,0.43057074634547093,0.3183004150150902
44,forward_collaborative_actual,0.43126080000327777,0.33858618054704037,0.415907096757164
44,forward_collaborative_deploy,0.48675494180399986,0.4423574860032992,0.2559147424537216
45,forward_master,0.3293364909402587,0.2411406869756441,0.1584804151865622
45,forward_independent,0.5939819979640846,0.5387788299009909,0.284835242083637
45,forward_collaborative_actual,0.5370264603197051,0.4755330471846915,0.4154106369928813
45,forward_collaborative_deploy,0.6048877144292145,0.5462258708985004,0.2583328099985155
46,forward_master,0.4979293621046194,0.3578167037580642,-0.2033547338874877
46,forward_independent,0.4113302853770401,0.3758854584182558,0.5955370842654446
46,forward_collaborative_actual,0.3535246314927771,0.3090221932657865,0.7012302036460405
46,forward_collaborative_deploy,0.4500043212213519,0.407646778711253,0.5159048819843484
47,forward_master,0.3477521321536081,0.22912008322435493,0.0315398737824778
47,forward_independent,0.5217856882873344,0.48630720668556227,0.3491488740648526
47,forward_collaborative_actual,0.46649247844309305,0.42174060006455827,0.479780501545611
47,forward_collaborative_deploy,0.5362256175101124,0.5014856808542401,0.312627029174101
48,forward_master,0.3194599786073173,0.22082706374392708,0.18271212089626765
48,forward_independent,0.5012598624090927,0.44495068232991963,0.42233910735514435
48,forward_collaborative_actual,0.45713897130057357,0.38342588914912024,0.5195550871828742
48,forward_collaborative_deploy,0.4767176985090961,0.43506945571730243,0.4775200160932801
49,forward_master,0.37159801466404885,0.272084206074452,-0.02076743235903411
49,forward_independent,0.4952185409555484,0.45946226602143453,0.4920754556525807
49,forward_collaborative_actual,0.46903603488037865,0.4132767350740146,0.5443642139274316
49,forward_collaborative_deploy,0.5151798073197825,0.4674002057821709,0.4503033733855253
50,forward_master,0.43219984584517446,0.2593689386548147,-0.4492847937390807
50,forward_independent,0.562837415938069,0.4990424049400003,0.2670761925402094
50,forward_collaborative_actual,0.5509062338539772,0.4347709087178346,0.29782028110731196
50,forward_collaborative_deploy,0.5931530980670606,0.5283000116331138,0.18599604634473832
51,forward_master,0.4271001783094707,0.3004739107317794,-0.031178790481261265
51,forward_independent,0.5346746843585906,0.5002222488195331,0.4079141931286767
51,forward_collaborative_actual,0.4611840524198385,0.40958235733903053,0.5594918281716912
51,forward_collaborative_deploy,0.53613518404159,0.4977570331975258,0.40467513129270594
52,forward_master,0.3872741096636645,0.25598397123405087,0.03912021459221049
52,forward_independent,0.5069908972244713,0.4473995102255612,0.3855342814835724
52,forward_collaborative_actual,0.467632001671183,0.38595918641448945,0.4772358678693922
52,forward_collaborative_deploy,0.534022852827606,0.4807732263199919,0.31826275757265776
53,forward_master,0.42783366053811644,0.30519112321737424,-0.4185727184431931
53,forward_independent,0.5427088488505188,0.49808195442613135,0.322856192032417
53,forward_collaborative_actual,0.4556621384963013,0.4124280709269345,0.5226543228107163
53,forward_collaborative_deploy,0.5366539867811734,0.5040690724770865,0.3378813421805483
54,forward_master,0.3597426592154906,0.23268780593229335,0.17088263729390207
54,forward_independent,0.47455801870066494,0.4255648822526515,0.2927375624127787
54,forward_collaborative_actual,0.467468496028971,0.39640990793870984,0.3137116020157381
54,forward_collaborative_deploy,0.48684048768627797,0.4385261330126618,0.2556531774737285
55,forward_master,0.3588460613151886,0.24752062708105113,0.034221282089319516
55,forward_independent,0.4928243132404637,0.4409772985566932,0.5446078680232475
55,forward_collaborative_actual,0.48054608734319704,0.3916987895923693,0.5670164836358957
55,forward_collaborative_deploy,0.5185060776481457,0.4476494069885258,0.4959089639536284
56,forward_master,0.4803165062891888,0.32855523820342186,0.09875409629466647
56,forward_independent,0.5023964400264767,0.4361200743918591,0.2694021150115141
56,forward_collaborative_actual,0.42953734092749146,0.35087197132624376,0.4659435647943714
56,forward_collaborative_deploy,0.4995341014758555,0.44158122122939397,0.2777033731495906
57,forward_master,0.37031274151618054,0.23302299178218652,-0.06276933060152912
57,forward_independent,0.5177247586697736,0.4905173064774643,0.47645242350441475
57,forward_collaborative_actual,0.499312291114432,0.4365811993120768,0.5130293368705621
57,forward_collaborative_deploy,0.5375361538931667,0.5051333860541055,0.4356173634363618
58,forward_master,0.2965570427344835,0.20555914539427889,0.08134584248694798
58,forward_independent,0.47981411978495353,0.456143066860584,0.5539456702565436
58,forward_collaborative_actual,0.4684503043074713,0.41913145851311173,0.5748239802638352
58,forward_collaborative_deploy,0.48974816637317675,0.457459302230408,0.5352842962223403
59,forward_master,0.2382000158223598,0.17827757347443887,-0.817547229459977
59,forward_independent,0.49577261215119084,0.4078763165960983,0.4506868508748707
59,forward_collaborative_actual,0.48577608114619714,0.3843936560100919,0.47261571308320904
59,forward_collaborative_deploy,0.5010261405044458,0.41765333661805365,0.4389834118058181
60,forward_master,0.493372323533169,0.3542945972894496,-0.07389521894934381
60,forward_independent,0.48892267614057694,0.45797284395144355,0.34607645920967456
60,forward_collaborative_actual,0.43785699904000197,0.3689475927513087,0.4755414089742108
60,forward_collaborative_deploy,0.5203346701633158,0.4813785192326325,0.259351513445076
61,forward_master,0.37360696081012923,0.2463918759079617,0.08124344602523303
61,forward_independent,0.5003525467188416,0.4496828884914686,0.2137617096773946
61,forward_collaborative_actual,0.4466836470434906,0.3860480021913971,0.37338315164978186
61,forward_collaborative_deploy,0.5016591418129992,0.45929691937354433,0.20965006314857138
62,forward_master,0.39349471224533045,0.2486970159839225,-0.19999518637902436
62,forward_independent,0.5196842992329719,0.485222443807248,0.476735943940799
62,forward_collaborative_actual,0.44087282091851315,0.39926166554805304,0.6234103643147457
62,forward_collaborative_deploy,0.514776856581711,0.48189713147903956,0.4865717766102142
63,forward_master,0.44566058260124,0.31020289511408555,0.09968191488687728
63,forward_independent,0.5612274997137071,0.5111200829871413,0.0991302664168513
63,forward_collaborative_actual,0.524977528865768,0.4257103269968664,0.21174716968076823
63,forward_collaborative_deploy,0.5969314099911637,0.5471603622088499,-0.019137949443187807
64,forward_master,0.36714611234307043,0.2752383135170344,0.13640524423937406
64,forward_independent,0.4622975277458464,0.3954687001864961,0.48909461940874477
64,forward_collaborative_actual,0.43681059549988777,0.3558994358014088,0.5438752239212219
64,forward_collaborative_deploy,0.46329856510700385,0.40101488465276514,0.486879642852163
65,forward_master,0.26623375235665225,0.18644945486554784,0.2832317999492934
65,forward_independent,0.4984061211772137,0.46004567954673065,0.5150373200342214
65,forward_collaborative_actual,0.46934761065602554,0.40985978598555406,0.5699382610289194
65,forward_collaborative_deploy,0.5014852759789372,0.4601364575561183,0.5090266077628985
66,forward_master,0.4111251635019605,0.30330374947705213,-0.3535997330166474
66,forward_independent,0.5517672176081339,0.4867674048795149,0.3000630933196943
66,forward_collaborative_actual,0.5036432058096602,0.437409409740419,0.41683283232856316
66,forward_collaborative_deploy,0.5475844759281725,0.49238536573444003,0.31063479257247006
67,forward_master,0.36230702419577165,0.24125390817657405,0.2579588766463924
67,forward_independent,0.538618737598317,0.5080748436035941,0.4356359334882258
67,forward_collaborative_actual,0.49928694233503956,0.43135562160691493,0.5150501210412785
67,forward_collaborative_deploy,0.5437526390118353,0.5071342068706166,0.4248260686893234
68,forward_master,0.3753783729927547,0.24738336707043812,0.07251044577280241
68,forward_independent,0.4994856869119736,0.4279649168935856,0.42642105424842336
68,forward_collaborative_actual,0.4473144989395749,0.36718898228880803,0.5399838737223396
68,forward_collaborative_deploy,0.5165030408127669,0.45151112470334465,0.38667188776734407
69,forward_master,0.4110875523990916,0.2833399756103287,0.10767994679277826
69,forward_independent,0.4351613367376937,0.40071458414365374,0.4518670517449568
69,forward_collaborative_actual,0.3903879627993428,0.3340768009463623,0.5588582716862203
69,forward_collaborative_deploy,0.4567772184423153,0.41899749211996634,0.3960594710130405
70,forward_master,0.3544258008629499,0.2383794386863821,0.09555293211512739
70,forward_independent,0.4922108231093815,0.4458599004184269,0.33725123116287736
70,forward_collaborative_actual,0.44831781570160684,0.3688021573804114,0.4501824392464624
70,forward_collaborative_deploy,0.5004399046679393,0.4453910703888578,0.31490550648738436
71,forward_master,0.43874766989407454,0.3088792989229561,-0.016439761768231698
71,forward_independent,0.5342437422816129,0.49526444364164385,0.4425098831370998
71,forward_collaborative_actual,0.49616995132435304,0.4220409993488739,0.519139389443253
71,forward_collaborative_deploy,0.5509284851133381,0.5078426001162494,0.4071446543158217
72,forward_master,0.3599301898115156,0.23042626922765222,0.17001798921479183
72,forward_independent,0.49570084397680386,0.46021153158959655,0.49108561858348654
72,forward_collaborative_actual,0.42496127109397525,0.3731130971750354,0.6259720027272746
72,forward_collaborative_deploy,0.48313127411976176,0.4556367964736735,0.5165676492687209
73,forward_master,0.34155615078352886,0.24298859761752933,-0.8082393641399408
73,forward_independent,0.48310760586010854,0.4459920865067683,0.4307344328803796
73,forward_collaborative_actual,0.5020431690608209,0.43887736856091736,0.3852347786796768
73,forward_collaborative_deploy,0.5193520364686923,0.47955283973562474,0.3421136984502666
74,forward_master,0.3355333955614499,0.2191684134265784,0.25895934373250995
74,forward_independent,0.50192056229634,0.43433677990919667,0.39171054001885697
74,forward_collaborative_actual,0.46885363015191994,0.3841173739032502,0.4692195950430288
74,forward_collaborative_deploy,0.49627991608379685,0.43125961843880545,0.4053057822640128
75,forward_master,0.41372345539620875,0.2774590283888304,0.16729520113253593
75,forward_independent,0.4937519403002165,0.44152189318970764,0.2587436462999808
75,forward_collaborative_actual,0.46253688601049936,0.37254960700302653,0.34950562895857884
75,forward_collaborative_deploy,0.5184999337662256,0.459466457956397,0.1825744487026275
76,forward_master,0.33791077480251924,0.23699935937778377,-0.30631580655072566
76,forward_independent,0.5785405617853109,0.5020604193590334,0.25885824067451735
76,forward_collaborative_actual,0.5588098560976085,0.463297934977364,0.3085484204695196
76,forward_collaborative_deploy,0.5771134160859591,0.5043265275087437,0.2625102324415308
77,forward_master,0.3884297447875905,0.26253916946007927,0.033377082420277815
77,forward_independent,0.48089419562622415,0.43343300133483426,0.5482924440672757
77,forward_collaborative_actual,0.4479973026083813,0.3620985067889622,0.6079792247931821
77,forward_collaborative_deploy,0.49854400277049415,0.43578595053361086,0.5145267806642526
78,forward_master,0.3926843755141928,0.26203649144798424,0.12831071152455442
78,forward_independent,0.4743658655166824,0.4509979078040181,0.38913254698569766
78,forward_collaborative_actual,0.4260968259835283,0.385667883360212,0.5071250751022005
78,forward_collaborative_deploy,0.4969893791259081,0.4732299211443044,0.3294759782814649
79,forward_master,0.369276224306341,0.2494769950524578,-0.056828206244089685
79,forward_independent,0.525105163363735,0.48101690987878837,0.21136383714227447
79,forward_collaborative_actual,0.5224110023713834,0.43224414393608873,0.21943559988653216
79,forward_collaborative_deploy,0.5516891786996443,0.5058412964515127,0.12949144985592065
80,forward_master,0.39871539021685065,0.27255337428766974,0.28817628778010984
80,forward_independent,0.4542994439482048,0.4013167138803693,0.5124693273110675
80,forward_collaborative_actual,0.3893894237556644,0.3383712023601636,0.6418327795288936
80,forward_collaborative_deploy,0.4571322556998415,0.40692377607589486,0.5063703168474993
81,forward_master,0.4032031573772636,0.29071651278056015,0.07004495559313373
81,forward_independent,0.45488836830827134,0.4283362238413673,0.5418124102652138
81,forward_collaborative_actual,0.40448807789919927,0.35307238781503036,0.6377193742828393
81,forward_collaborative_deploy,0.45641828974001264,0.43554255784019696,0.5387251920367755
82,forward_master,0.4195954079772484,0.2800707529531512,0.18656752670112808
82,forward_independent,0.5488255600195423,0.5111158932003164,0.4775048284966348
82,forward_collaborative_actual,0.49263132251863573,0.43634843857717776,0.5790236809578916
82,forward_collaborative_deploy,0.5497628304384332,0.5133733380370946,0.4757186965484802
83,forward_master,0.319364244280166,0.20569372490061041,0.209550215934028
83,forward_independent,0.5369609419144822,0.4742398477717451,0.3107405520667611
83,forward_collaborative_actual,0.5482725972235285,0.45871874358584064,0.2813947013123128
83,forward_collaborative_deploy,0.546791711617195,0.4827052946142754,0.2852713680760587
84,forward_master,0.3410159887854953,0.2483541805598952,-0.33043476580550535
84,forward_independent,0.4281308412543347,0.3830088293763122,0.5785945632510724
84,forward_collaborative_actual,0.3848758308906608,0.32565275508769875,0.6594441186583031
84,forward_collaborative_deploy,0.44593252410431056,0.3990854118168959,0.542821915722646
85,forward_master,0.38091356593503284,0.2428372787361255,0.07386077842547267
85,forward_independent,0.5267838135478855,0.45728071169528967,0.07155736953736813
85,forward_collaborative_actual,0.4949406704349919,0.40510886007590424,0.18041025826923685
85,forward_collaborative_deploy,0.5422247486745208,0.47668256385307733,0.016331188596161894
86,forward_master,0.3200024633216589,0.23544502731311492,-0.6966881904686966
86,forward_independent,0.5178202497711437,0.46641665467099175,0.5063593171624508
86,forward_collaborative_actual,0.4605808698914202,0.40838175584408587,0.6094607606527782
86,forward_collaborative_deploy,0.52885862967359,0.474388162481883,0.485089111832953
87,forward_master,0.4070106922970906,0.261358212901633,0.063546745870383
87,forward_independent,0.4729337001836679,0.4390035365013753,0.43136693210738575
87,forward_collaborative_actual,0.4148957398165575,0.3677438665227044,0.5623675280525681
87,forward_collaborative_deploy,0.48540508512846736,0.4469648874798602,0.4009815055595234
88,forward_master,0.33654433302683645,0.2219231005634086,0.16273179494714207
88,forward_independent,0.4881806239661094,0.44110199683320706,0.4302840072812981
88,forward_collaborative_actual,0.47751933523590334,0.39606567240055796,0.4548961402519961
88,forward_collaborative_deploy,0.5138993810687951,0.46033361272769363,0.3686742201934383
89,forward_master,0.5176121969859503,0.3334006885341132,-0.038199247565910754
89,forward_independent,0.5338702519302159,0.48725201163835236,0.2637049314352503
89,forward_collaborative_actual,0.4884393741704274,0.39467791522555884,0.3836863592133365
89,forward_collaborative_deploy,0.5595159954881487,0.5083434578475132,0.19126644788167368
90,forward_master,0.3900829110641834,0.276976459710841,-0.0955856780310147
90,forward_independent,0.49655143549766473,0.43587412463021286,0.3835916797630212
90,forward_collaborative_actual,0.4837757124431986,0.37690599474332676,0.414902650125189
90,forward_collaborative_deploy,0.5138237178916514,0.445729963627237,0.33996296733000164
91,forward_master,0.4331133480715207,0.2712130395629564,0.13331118962071598
91,forward_independent,0.5028660269623892,0.4604674388364416,0.3467415438949092
91,forward_collaborative_actual,0.4416197686932853,0.37191006717823866,0.49617761473983046
91,forward_collaborative_deploy,0.5054146257963323,0.45219578594651716,0.3401031447471462
92,forward_master,0.37664486753295756,0.26428256036359116,-0.6229614684000155
92,forward_independent,0.5106887836751152,0.4509093091560478,0.3189355558302248
92,forward_collaborative_actual,0.49828870348872084,0.4201484372182252,0.3516079935447938
92,forward_collaborative_deploy,0.5716286687884536,0.5113024216786909,0.14669641055270122
93,forward_master,0.4272040607429414,0.30189825993780184,0.086532914353314
93,forward_independent,0.5104952605578851,0.4552276687543882,0.4008569377487261
93,forward_collaborative_actual,0.48960120427293297,0.39116051503095917,0.44889790670882423
93,forward_collaborative_deploy,0.5435906915425318,0.4917487358415132,0.3206538345111193
94,forward_master,0.35474184979334494,0.23180208212894474,0.024726205040268012
94,forward_independent,0.47936456490486706,0.4386182487936616,0.5199379108063877
94,forward_collaborative_actual,0.4221844815689852,0.37769899153306347,0.6276339418368619
94,forward_collaborative_deploy,0.47260076293934394,0.4386823655252799,0.5333896231157679
95,forward_master,0.3317961814577213,0.2225319258177056,0.20736131658453927
95,forward_independent,0.47851380888491046,0.43766754025473936,0.5046203875860815
95,forward_collaborative_actual,0.43370237743918044,0.38463525941780724,0.5930577476520251
95,forward_collaborative_deploy,0.46046487227312155,0.42522667411556175,0.5412857963034811
96,forward_master,0.3968843451036985,0.26986970355126777,0.2722403209795943
96,forward_independent,0.4964497507039767,0.45979990810125976,0.3988570478932665
96,forward_collaborative_actual,0.4591747529484827,0.3935366544549962,0.48573949987504206
96,forward_collaborative_deploy,0.5086667894139276,0.46861263059880826,0.3689061714486833
97,forward_master,0.33168468092814557,0.2214358768055765,-0.25862087127942734
97,forward_independent,0.5456572919010114,0.47770130102451414,0.40140178477665145
97,forward_collaborative_actual,0.5110390783949825,0.44214059227399705,0.4749463117142926
97,forward_collaborative_deploy,0.5595621007252392,0.5002068865656869,0.370505304330776
98,forward_master,0.2677234310018899,0.19930895646560248,0.17999431044483116
98,forward_independent,0.48947897868174045,0.4405863953532485,0.38106001769075737
98,forward_collaborative_actual,0.5114828554603621,0.43367471570681143,0.32416199547279545
98,forward_collaborative_deploy,0.4951432147459279,0.43789665924744786,0.36665242530192554
99,forward_master,0.4189825773099087,0.29224471262163615,0.12135369538660068
99,forward_independent,0.4285394594103429,0.39623239203564226,0.5331114507695445
99,forward_collaborative_actual,0.3583811673434634,0.3050734840427997,0.6734708578748376
99,forward_collaborative_deploy,0.4483171809016174,0.4196597721934554,0.4890218222259205
100,forward_master,0.45234415099728176,0.31278000391123995,-0.04632788549605937
100,forward_independent,0.5463668394045627,0.5026432968340587,0.3093443422086426
100,forward_collaborative_actual,0.46288959681540887,0.40522620410567806,0.5042670926582555
100,forward_collaborative_deploy,0.5429032786863016,0.5029878497850978,0.3180730771015363
1,reverse_master,0.5327834229176205,0.4938493351281582,0.34739783042555206
1,reverse_independent,0.40471765598688797,0.2663954132100868,-0.02213196237589443
1,reverse_collaborative_actual,0.391550727873925,0.253816771390193,0.0432934703171749
1,reverse_collaborative_deploy,0.41456620994797677,0.27041763924787304,-0.07248312906386634
2,reverse_master,0.4482384730067547,0.41182160230908305,0.4809625342344799
2,reverse_independent,0.45956115336216147,0.31243506265609094,0.12517331040492552
2,reverse_collaborative_actual,0.4492804656938877,0.30111316969979646,0.16387641242756001
2,reverse_collaborative_deploy,0.4792625304914115,0.3206990633187213,0.0485579190480907
3,reverse_master,0.542182754347221,0.5044863639157825,0.43044835547139326
3,reverse_independent,0.3011300763867802,0.20774530648370726,0.19312195082014338
3,reverse_collaborative_actual,0.3152656332558191,0.2252112605679499,0.11559152637761883
3,reverse_collaborative_deploy,0.3177634272534102,0.2143145216527028,0.10152198641166776
4,reverse_master,0.4613357963571911,0.40886881867484914,0.5592018986260707
4,reverse_independent,0.31040498559511603,0.21752340922221633,0.22838703221588064
4,reverse_collaborative_actual,0.30470946244142133,0.20690090390066426,0.25644341585176933
4,reverse_collaborative_deploy,0.31431860025175967,0.2164761130771171,0.2088072387656611
5,reverse_master,0.491376009832855,0.4203773414350229,0.32303630923572524
5,reverse_independent,0.40977406621477575,0.27872635866496476,-0.20898645446377828
5,reverse_collaborative_actual,0.4046792206295923,0.2837718665551883,-0.17910995558749465
5,reverse_collaborative_deploy,0.418137515034199,0.27282007404879977,-0.25884066664862027
6,reverse_master,0.47997311564502965,0.4584096294764862,0.09266558088500332
6,reverse_independent,0.5706187473188902,0.40185963018118365,0.06872877870565486
6,reverse_collaborative_actual,0.556954303388806,0.39125154188162636,0.11279651691416359
6,reverse_collaborative_deploy,0.5735594229655159,0.40030530604513287,0.059105459472301725
7,reverse_master,0.5729740004872157,0.48951829285188003,0.35874891010124965
7,reverse_independent,0.24375618189515005,0.17433553868667306,0.3202403542877439
7,reverse_collaborative_actual,0.25069272025265765,0.1797353510369971,0.28100222347431136
7,reverse_collaborative_deploy,0.24752585624510787,0.16953464375280183,0.2990528978691819
8,reverse_master,0.44061473525381045,0.4083749406568438,0.5759776534754618
8,reverse_independent,0.3727758439850818,0.25579772620854996,0.21445695003354548
8,reverse_collaborative_actual,0.37118035974129004,0.2535788199957394,0.221166823889269
8,reverse_collaborative_deploy,0.3889203970000303,0.2623200678399038,0.1449413454720152
9,reverse_master,0.5148830736471889,0.49764435172410637,0.4461619545070221
9,reverse_independent,0.33836877789343356,0.25045064538152595,-2.6676062029608327
9,reverse_collaborative_actual,0.3435496912834044,0.24623228501691832,-2.780778705202214
9,reverse_collaborative_deploy,0.3563535071965259,0.25532832445634185,-3.0678432343235027
10,reverse_master,0.5350651816682743,0.47019721025651035,0.2940677430949782
10,reverse_independent,0.39539446215371693,0.24870095711589366,-0.21295778130727916
10,reverse_collaborative_actual,0.3920739079442606,0.24896750718566743,-0.19267029622082865
10,reverse_collaborative_deploy,0.4194475294705457,0.26103391309816826,-0.365022473974568
11,reverse_master,0.5240006585788803,0.4766960739950699,0.5237036114194089
11,reverse_independent,0.41794320991204403,0.27924537744994743,-0.9983826448789423
11,reverse_collaborative_actual,0.4013062479309885,0.2628356590802175,-0.842450989856411
11,reverse_collaborative_deploy,0.42077410943253113,0.2746400483499691,-1.0255460472995095
12,reverse_master,0.4883408104197005,0.4286989597440521,0.4670322000380549
12,reverse_independent,0.3267590694375145,0.23546411269467166,0.04993146878941368
12,reverse_collaborative_actual,0.33344665613942603,0.24964482024109225,0.010644516079327149
12,reverse_collaborative_deploy,0.3359491679360475,0.2415166108903174,-0.00426140317484025
13,reverse_master,0.5177631369615545,0.4665583431235885,0.38367560281718915
13,reverse_independent,0.35982070364410546,0.24294874028194394,0.19206771325407412
13,reverse_collaborative_actual,0.3477478240380307,0.22528685431689902,0.2453744434585653
13,reverse_collaborative_deploy,0.3653242138522417,0.24403932981528767,0.1671638197473061
14,reverse_master,0.5102862884721001,0.46778767166593826,0.3379978718234691
14,reverse_independent,0.388659196421757,0.25636741474725083,-0.11665221612031429
14,reverse_collaborative_actual,0.3849665516959963,0.26134457052753235,-0.09553442564340497
14,reverse_collaborative_deploy,0.407792912419114,0.2626237075089631,-0.22930424693778395
15,reverse_master,0.4590449205141014,0.40674508061340003,0.29498135633896705
15,reverse_independent,0.4784008796427562,0.32697651377565834,-0.08984476972839484
15,reverse_collaborative_actual,0.47323946895972957,0.3132322150231586,-0.06645521419660416
15,reverse_collaborative_deploy,0.4980208987785581,0.32500598773247946,-0.1810705505723944
16,reverse_master,0.5249596913883947,0.49704564756690645,0.42923501474810954
16,reverse_independent,0.35397568570171545,0.24375276325881112,-0.1149271612161824
16,reverse_collaborative_actual,0.34444768130111625,0.23905332753651357,-0.05571371437704142
16,reverse_collaborative_deploy,0.36676030127305875,0.2473597467099354,-0.19691765708239428
17,reverse_master,0.5791695013802549,0.5121371399575744,0.13345361239994624
17,reverse_independent,0.4074597690731251,0.25624291953034456,0.12335962450542526
17,reverse_collaborative_actual,0.4082476999900396,0.2795469041727234,0.11996591566033887
17,reverse_collaborative_deploy,0.4245239159055347,0.2667011086209338,0.0483958597587113
18,reverse_master,0.46951811014158434,0.4083022463147342,0.572883441982583
18,reverse_independent,0.27845709639607136,0.1933795570665527,0.11292430111272556
18,reverse_collaborative_actual,0.2747364585739399,0.17398836651677832,0.13647146518297693
18,reverse_collaborative_deploy,0.28409046184817993,0.17849355438496614,0.07666902043927648
19,reverse_master,0.4598733593926219,0.4140079501730207,0.49443868179459605
19,reverse_independent,0.3848209481530594,0.25952381268163216,0.16287198344670395
19,reverse_collaborative_actual,0.3742109950232677,0.2443028704154565,0.20839677698089243
19,reverse_collaborative_deploy,0.39505283696519883,0.25960819719656153,0.11776387659719878
20,reverse_master,0.43420964529580797,0.40971608399023757,0.5286549598302215
20,reverse_independent,0.444574549925409,0.3169076675203676,0.11501553533710451
20,reverse_collaborative_actual,0.43839842331025464,0.3133094138628146,0.13943353330932573
20,reverse_collaborative_deploy,0.46378815070328666,0.33328474554024956,0.036868140002501826
21,reverse_master,0.5192167481425471,0.49722349220667184,0.38021010449472714
21,reverse_independent,0.28612876473055676,0.20893642348802147,-1.6225584291997044
21,reverse_collaborative_actual,0.33383355251057484,0.24564368569595135,-2.5699497330446417
21,reverse_collaborative_deploy,0.31782379815984796,0.22953423356342853,-2.235749999211947
22,reverse_master,0.5044074873914588,0.4577519611236682,0.26354137434807645
22,reverse_independent,0.39402291623152086,0.2747167262678128,0.1119098200387858
22,reverse_collaborative_actual,0.39092931661799457,0.2743155132771812,0.1258004339384099
22,reverse_collaborative_deploy,0.41669410328465456,0.2893013162318711,0.006772317503414227
23,reverse_master,0.47309325010083036,0.4248646516927315,0.41552078374288315
23,reverse_independent,0.4947006726402674,0.33580190292610146,0.03612977850076027
23,reverse_collaborative_actual,0.47670585760890744,0.31572743153743626,0.1049762944009145
23,reverse_collaborative_deploy,0.4884754678513461,0.3245103461935778,0.06023541119844078
24,reverse_master,0.4787569720581254,0.40752457268387526,0.3365388042144929
24,reverse_independent,0.44556035226884716,0.28804459100703667,0.10008683754294567
24,reverse_collaborative_actual,0.43950575232198824,0.2839997971827139,0.12437802180435709
24,reverse_collaborative_deploy,0.4684406536782537,0.2956124932951247,0.005289543284019982
25,reverse_master,0.5220550986827119,0.47391395553171106,0.5884440042708816
25,reverse_independent,0.3286618122701106,0.2283751793838187,-0.6202788026701014
25,reverse_collaborative_actual,0.3049034159083024,0.20026839242532465,-0.3944913954882683
25,reverse_collaborative_deploy,0.32963402397353964,0.22179376490707695,-0.6298788464148215
26,reverse_master,0.5086330320569574,0.45050598741721304,0.15436065847355418
26,reverse_independent,0.35501169681271805,0.2518175466269263,0.17042461654955277
26,reverse_collaborative_actual,0.3455330135895457,0.24736113906287127,0.21413195887299652
26,reverse_collaborative_deploy,0.36680333892465583,0.25288821241378207,0.11440105097348519
27,reverse_master,0.49231729590858986,0.44724854545082765,0.4892025364548971
27,reverse_independent,0.37025540176063265,0.24597130924774835,-0.062440234630187996
27,reverse_collaborative_actual,0.376409549763765,0.25922043869226524,-0.09805215593854211
27,reverse_collaborative_deploy,0.37536758521358377,0.24473293956679743,-0.09198138622534735
28,reverse_master,0.5137099098306742,0.455028219132375,0.42362305801961797
28,reverse_independent,0.42563953806541444,0.30976497051647905,0.09321132955040456
28,reverse_collaborative_actual,0.41188629658008186,0.29205029170174385,0.15086479802423247
28,reverse_collaborative_deploy,0.43748242942653254,0.31539241857782646,0.0420487922358318
29,reverse_master,0.4850512179853649,0.44410795863307023,0.23095587962451836
29,reverse_independent,0.401998734538627,0.25539537851622324,0.08646784558587095
29,reverse_collaborative_actual,0.3942922563992212,0.2572728089896973,0.12115767940241129
29,reverse_collaborative_deploy,0.41879996029877276,0.2642343383846814,0.008511388922648244
30,reverse_master,0.5853696284220072,0.5443947080613255,0.3521179796406999
30,reverse_independent,0.31788317397046567,0.21912118393833346,0.1255313359213116
30,reverse_collaborative_actual,0.3127899572844337,0.19060664334782118,0.15332883038271117
30,reverse_collaborative_deploy,0.33154834476313594,0.21747604252497268,0.04873197669559903
31,reverse_master,0.5466960078815055,0.4919382980221171,0.3809906453507206
31,reverse_independent,0.3558761676824499,0.24422896733908853,-0.3229193554575829
31,reverse_collaborative_actual,0.3528824983083656,0.24110882563447827,-0.30075588440730217
31,reverse_collaborative_deploy,0.35874207335996644,0.23537950043443345,-0.34431234854197634
32,reverse_master,0.5493787696468454,0.4826503600842628,0.3694648515876673
32,reverse_independent,0.3443332704703395,0.22084177902123064,0.12352807301660951
32,reverse_collaborative_actual,0.3415685055268953,0.20395748485678042,0.1375465288220804
32,reverse_collaborative_deploy,0.3761883982598122,0.23036579342511188,-0.04614246351428486
33,reverse_master,0.4899207355225153,0.4576371300761441,0.3215839519464109
33,reverse_independent,0.39848290912492246,0.275738020185823,0.1615611409948381
33,reverse_collaborative_actual,0.38627072116311595,0.267108761597888,0.2121644379297436
33,reverse_collaborative_deploy,0.40180708348618216,0.27565671421617777,0.1475141539646999
34,reverse_master,0.46246259803844775,0.4078645649053778,0.34958651881115044
34,reverse_independent,0.37935440832879036,0.26079347658200047,-0.06382527846819719
34,reverse_collaborative_actual,0.3910643481899784,0.2775780462167066,-0.13051540594359845
34,reverse_collaborative_deploy,0.40592517971341685,0.27573480579591314,-0.21806935935292593
35,reverse_master,0.45233788599504937,0.433057259218827,0.589869472615093
35,reverse_independent,0.4348401343953864,0.3158049601369768,0.15334652620448808
35,reverse_collaborative_actual,0.4210433198187326,0.3070481099529011,0.20622025150456924
35,reverse_collaborative_deploy,0.44021138209209104,0.3134574186253205,0.13230121974584041
36,reverse_master,0.5349325650808011,0.48714524896221445,0.10133043115767248
36,reverse_independent,0.41486628957505706,0.27510339118377203,0.09120005090675842
36,reverse_collaborative_actual,0.4082234074054096,0.27686249373202426,0.12007064456104699
36,reverse_collaborative_deploy,0.4308471842738722,0.27679697423353955,0.019836518433781203
37,reverse_master,0.45852253674790316,0.4250435032827319,0.564561545357309
37,reverse_independent,0.3971663421796193,0.2503791931248479,0.015654543316329206
37,reverse_collaborative_actual,0.38104115282177564,0.24090543369578024,0.09396196040167737
37,reverse_collaborative_deploy,0.3937893812883643,0.25057087221545427,0.03232244272941931
38,reverse_master,0.529125199892303,0.4752506999420337,0.37429183360049345
38,reverse_independent,0.4926088908968777,0.35594102764441116,-0.2673893594261765
38,reverse_collaborative_actual,0.4938910407637145,0.3630787497430531,-0.2739954027225273
38,reverse_collaborative_deploy,0.5293349631649944,0.37819155965967655,-0.4634123837117352
39,reverse_master,0.6004169948391632,0.5133248096051751,0.360809879055875
39,reverse_independent,0.28748145867517116,0.20741685191821355,-0.3693519156518277
39,reverse_collaborative_actual,0.2697293380790639,0.1874957120429278,-0.20545712247530568
39,reverse_collaborative_deploy,0.29037182386343985,0.2045055362125333,-0.39702551803660513
40,reverse_master,0.44033283125239425,0.40864288466130516,0.4695936107876154
40,reverse_independent,0.34750629074023465,0.23073761886299574,0.2291875184848733
40,reverse_collaborative_actual,0.33351170399506214,0.20956429555842387,0.2900209146700642
40,reverse_collaborative_deploy,0.3525071206975089,0.22398182169841965,0.20684295653756535
41,reverse_master,0.4672759739606147,0.4263911309521754,0.5610223656003173
41,reverse_independent,0.3247291409384981,0.210355379977039,-0.10148373250699327
41,reverse_collaborative_actual,0.3324724390785535,0.22008399092733846,-0.15464069304038652
41,reverse_collaborative_deploy,0.3453866328869618,0.20980684691497298,-0.2460819680009798
42,reverse_master,0.5836121977009204,0.49894915674972795,0.08056271738654053
42,reverse_independent,0.3679786430892977,0.2495823894182791,-0.20488295167423143
42,reverse_collaborative_actual,0.37476313765666663,0.259251628011176,-0.24972185538671465
42,reverse_collaborative_deploy,0.3874668889281903,0.24982648302107077,-0.33588423152850644
43,reverse_master,0.4776463033004574,0.4394408132744727,0.4435322400878543
43,reverse_independent,0.41160226109539577,0.2583697659355043,0.15203551611131505
43,reverse_collaborative_actual,0.3997355153197447,0.2509589063527878,0.20022535728212432
43,reverse_collaborative_deploy,0.4248682994574184,0.2664025160870858,0.0964944683314124
44,reverse_master,0.4659969816393979,0.430641858691973,0.31802544899331664
44,reverse_independent,0.42681005493632657,0.3116535727302054,0.2454210478536426
44,reverse_collaborative_actual,0.41349433701846383,0.30130649334781867,0.2917696480895182
44,reverse_collaborative_deploy,0.43432218964588354,0.3069941713260875,0.21862513100662984
45,reverse_master,0.594590149164453,0.5391234801589764,0.283370042939041
45,reverse_independent,0.3293532723070415,0.24116118671941067,0.15839465360844307
45,reverse_collaborative_actual,0.3100091191400285,0.21490810787792805,0.2543526848708728
45,reverse_collaborative_deploy,0.34019810797207023,0.2532498891577586,0.10205795343966595
46,reverse_master,0.4113961157244968,0.37589955943155234,0.5954076113534612
46,reverse_independent,0.49793384973263083,0.3577404830266873,-0.203376424645886
46,reverse_collaborative_actual,0.4944297085916552,0.3472440737532779,-0.18649882830932296
46,reverse_collaborative_deploy,0.5236577363306689,0.37997571448264067,-0.3309239659142469
47,reverse_master,0.5218733604643222,0.48638954673478735,0.3489301393229013
47,reverse_independent,0.34768899293983696,0.22906973585825538,0.031891516542760345
47,reverse_collaborative_actual,0.3357334401798345,0.21435184003450528,0.09732514930298342
47,reverse_collaborative_deploy,0.36539426771225625,0.23407041720549696,-0.06921637510644918
48,reverse_master,0.5012708447236877,0.44488429907735916,0.42231379464361385
48,reverse_independent,0.3195201368227767,0.2207767731013697,0.18240428133607256
48,reverse_collaborative_actual,0.3045241110374811,0.20038209613676694,0.2573477352562955
48,reverse_collaborative_deploy,0.3120253622914744,0.20190967607323979,0.2203100544057176
49,reverse_master,0.49524479985965514,0.45936542238359085,0.4920215889476366
49,reverse_independent,0.3714072994122529,0.27185293531553417,-0.019719924280703793
49,reverse_collaborative_actual,0.3723761748722885,0.26281874217468393,-0.02504706925868505
49,reverse_collaborative_deploy,0.3908979341843305,0.2767082604627906,-0.12955344881956665
50,reverse_master,0.5628333244334399,0.4990053113192921,0.26708684837141894
50,reverse_independent,0.43223584827781697,0.2592995167207176,-0.4495262558862039
50,reverse_collaborative_actual,0.4106552816423139,0.254703139304889,-0.30839641643668436
50,reverse_collaborative_deploy,0.42262007602430923,0.25020806551396463,-0.38574961890442805
51,reverse_master,0.5348712729865913,0.5003073825697583,0.40747871810708824
51,reverse_independent,0.4268729173326854,0.30019558587423084,-0.0300816972799125
51,reverse_collaborative_actual,0.4101962031624342,0.2779217969523749,0.0488308881740539
51,reverse_collaborative_deploy,0.4342212147902922,0.2995193079085859,-0.06585111119042808
52,reverse_master,0.50723739063843,0.44762493166123096,0.38493664324955856
52,reverse_independent,0.3872357886784759,0.2558904103498372,0.0393103643457533
52,reverse_collaborative_actual,0.3764436197187512,0.24072103696122668,0.09211255551530362
52,reverse_collaborative_deploy,0.4024178262500995,0.2515020819014545,-0.03749628476923261
53,reverse_master,0.5428304092770181,0.498155789790144,0.3225528134936444
53,reverse_independent,0.4274714347024663,0.30483998615127494,-0.41617166302103303
53,reverse_collaborative_actual,0.41224462482131263,0.28725643317649796,-0.31707863787900226
53,reverse_collaborative_deploy,0.43970263743943866,0.3086548200799311,-0.49837267262678786
54,reverse_master,0.474463008476466,0.42546885974927917,0.2930207329985294
54,reverse_independent,0.35987650818664696,0.23275549565751982,0.1702655453335078
54,reverse_collaborative_actual,0.36902129041981785,0.2594794575041992,0.12756119343622452
54,reverse_collaborative_deploy,0.3809459272162003,0.24919648548180842,0.0702658181095418
55,reverse_master,0.4928008040183088,0.44085342858065335,0.5446513141729532
55,reverse_independent,0.35887345392168113,0.2474853101160142,0.03407383052742263
55,reverse_collaborative_actual,0.3457905201582186,0.23604828635058245,0.10321687126531476
55,reverse_collaborative_deploy,0.35989200336396776,0.243952521560422,0.028583094360023598
56,reverse_master,0.5024411604379804,0.4361332401248513,0.2692720420666386
56,reverse_independent,0.48045583471038034,0.3285739046234102,0.09823116035745694
56,reverse_collaborative_actual,0.4663663272179608,0.30467512198430596,0.150344932246252
56,reverse_collaborative_deploy,0.488401869865956,0.3281354898054814,0.06815663652232407
57,reverse_master,0.5177708237507727,0.4905205934034054,0.47635925301548976
57,reverse_independent,0.3703441210742731,0.23297876000912943,-0.06294945211063796
57,reverse_collaborative_actual,0.36058799072026115,0.230923392294265,-0.007683667650482562
57,reverse_collaborative_deploy,0.37488639163314696,0.23176854737866748,-0.08918350139583975
58,reverse_master,0.4796864498424507,0.4560131654485716,0.5541830128102454
58,reverse_independent,0.2965245991563669,0.20548958888325652,0.08154683449396605
58,reverse_collaborative_actual,0.3003546207440808,0.21013502764802047,0.05766744377793387
58,reverse_collaborative_deploy,0.3073070249892097,0.21303298616263946,0.013537598793286088
59,reverse_master,0.49609479978236465,0.40809363279465194,0.4499726548682993
59,reverse_independent,0.23800044280705082,0.1781467949112609,-0.8145028852024834
59,reverse_collaborative_actual,0.2366460566836493,0.17342348628047827,-0.7939101084769333
59,reverse_collaborative_deploy,0.23992112700691792,0.17139349389393124,-0.8439074481361029
60,reverse_master,0.48893977959159024,0.4579889649577139,0.3460307074153023
60,reverse_independent,0.49319153135832067,0.35409532614838096,-0.07310832325102368
60,reverse_collaborative_actual,0.4871051860510963,0.34914901844418383,-0.0467858629906166
60,reverse_collaborative_deploy,0.5142702656186381,0.3636750661747317,-0.16679664455646082
61,reverse_master,0.5003893567392236,0.44970001378514934,0.21364602120027454
61,reverse_independent,0.37363420375945944,0.2464270792100714,0.08110945199708508
61,reverse_collaborative_actual,0.3659049441939222,0.2391495080799522,0.11873385283342053
61,reverse_collaborative_deploy,0.3895445359981356,0.2484595984844598,0.001185666777475114
62,reverse_master,0.5198408435766315,0.4852423673413528,0.4764206511147262
62,reverse_independent,0.3933923351081018,0.24858904236823748,-0.1993708522439892
62,reverse_collaborative_actual,0.3795803323903647,0.22811274373700302,-0.11662952271624305
62,reverse_collaborative_deploy,0.40501332149915886,0.25013718899415943,-0.27127737708630306
63,reverse_master,0.5614207858509898,0.5111977342855052,0.09850964246158744
63,reverse_independent,0.4456271965454582,0.3100895208583318,0.0998168020413831
63,reverse_collaborative_actual,0.43457781409391627,0.3185758743625464,0.14390368245734342
63,reverse_collaborative_deploy,0.4607898185939904,0.31626762752574006,0.03751653820751355
64,reverse_master,0.46223708709419564,0.39540417392811433,0.4892282019338329
64,reverse_independent,0.3670941040131347,0.27502547156136664,0.13664989310427278
64,reverse_collaborative_actual,0.3695475760142294,0.2698266294042436,0.12507093392392732
64,reverse_collaborative_deploy,0.38026383152077275,0.2803783532955616,0.0735922741206193
65,reverse_master,0.49836195105776027,0.45998213021154016,0.5151232736748639
65,reverse_independent,0.2663379875067486,0.18647800306505138,0.2826704356153883
65,reverse_collaborative_actual,0.24547472018253388,0.16391532514566778,0.3906510738896185
65,reverse_collaborative_deploy,0.2616748018567602,0.18097334006414761,0.30756930635845836
66,reverse_master,0.5517319633614173,0.48668019794043965,0.30015253306638
66,reverse_independent,0.4108780670636087,0.30306360005612654,-0.35197312783470114
66,reverse_collaborative_actual,0.41915199851755347,0.30950123405212177,-0.4069712528722498
66,reverse_collaborative_deploy,0.4381846244807372,0.31437119097420835,-0.537646169093358
67,reverse_master,0.5386057873078676,0.508004954904248,0.4356630717595381
67,reverse_independent,0.36237330623537073,0.24113681248890548,0.2576873472814847
67,reverse_collaborative_actual,0.3570302617685019,0.22258481998572371,0.2794161522731522
67,reverse_collaborative_deploy,0.3763964771708832,0.23314856750967386,0.1991234705081657
68,reverse_master,0.4995989695831314,0.4279086740933908,0.4261608509028848
68,reverse_independent,0.37525138139750064,0.24716616256225146,0.07313788444969926
68,reverse_collaborative_actual,0.36780249098123863,0.23907213674258626,0.10956983459249348
68,reverse_collaborative_deploy,0.39091987639946024,0.24784266951785683,-0.005879685776484012
69,reverse_master,0.435119054073943,0.4007013089937608,0.4519735657810451
69,reverse_independent,0.41112947994779325,0.2833638776434623,0.107497918900333
69,reverse_collaborative_actual,0.39377781495071146,0.2734804990510277,0.18124401201642915
69,reverse_collaborative_deploy,0.41252145738288937,0.28397729937596056,0.10144412834037242
70,reverse_master,0.49264087293059095,0.4461535804413471,0.3360926239707198
70,reverse_independent,0.3544056204032552,0.23837508841160202,0.0956559248314034
70,reverse_collaborative_actual,0.3391506587922754,0.2328883720122854,0.17183318061351216
70,reverse_collaborative_deploy,0.36092209515422685,0.2493009698988411,0.06209373685227926
71,reverse_master,0.5341979981217715,0.4951903387467584,0.44260534827111175
71,reverse_independent,0.43869800257182007,0.30874742313012904,-0.016209647799698024
71,reverse_collaborative_actual,0.443147071720899,0.3262908880590121,-0.036926007774671366
71,reverse_collaborative_deploy,0.4645400428887316,0.32556109525159116,-0.1394579716518085
72,reverse_master,0.4958633622758586,0.4603172195802712,0.49075186301796114
72,reverse_independent,0.36000826305092043,0.23036835015605545,0.16965788376128
72,reverse_collaborative_actual,0.35023197126006467,0.21419936659708655,0.21414267480869997
72,reverse_collaborative_deploy,0.3740440692397969,0.22836077331779317,0.10364989286759496
73,reverse_master,0.48306083494370033,0.44592707256371966,0.4308446517347685
73,reverse_independent,0.34116752601413014,0.2427926298455005,-0.8041268525023333
73,reverse_collaborative_actual,0.34673868862584545,0.2519780524179501,-0.8635296319445507
73,reverse_collaborative_deploy,0.35180614634810975,0.24557860529385814,-0.9183972514287677
74,reverse_master,0.5018450651824433,0.43427121533482305,0.39189351975000053
74,reverse_independent,0.3356241502109852,0.21919892163176471,0.2585584180352265
74,reverse_collaborative_actual,0.32899104107502775,0.20532288928576178,0.2875757807641577
74,reverse_collaborative_deploy,0.34013755024880593,0.20919529151789212,0.23848284576179546
75,reverse_master,0.4940146422611694,0.44162129578068565,0.2579546618527431
75,reverse_independent,0.4137419397676031,0.2774388265579324,0.16722079216003782
75,reverse_collaborative_actual,0.3977446239378645,0.26714941000744047,0.2303745552198596
75,reverse_collaborative_deploy,0.41719093958151887,0.2765890077517035,0.1532786375025974
76,reverse_master,0.5784922637167795,0.5020051679255164,0.2589819803867799
76,reverse_independent,0.33759988847522837,0.2367350182531951,-0.30391322613387706
76,reverse_collaborative_actual,0.3567052868896806,0.27130116274518934,-0.45567087963026687
76,reverse_collaborative_deploy,0.35665688981633104,0.24244870006699953,-0.45527590129016193
77,reverse_master,0.4809003449848767,0.4333732819316464,0.5482808917152093
77,reverse_independent,0.3884000652396582,0.2623943675396287,0.033524794255186396
77,reverse_collaborative_actual,0.40024560142828675,0.26829029583069874,-0.02632584230430668
77,reverse_collaborative_deploy,0.41988750474363346,0.2721275616522579,-0.1295306766058748
78,reverse_master,0.4743574748241092,0.4509615860517803,0.38915415712269275
78,reverse_independent,0.39276105770394726,0.2621137099410727,0.1279702367104515
78,reverse_collaborative_actual,0.38266757102961063,0.24718999119740434,0.1722145553475779
78,reverse_collaborative_deploy,0.4074999035657954,0.270807288363168,0.06129423105121479
79,reverse_master,0.5252830678333887,0.4810456519756247,0.21082937023895687
79,reverse_independent,0.3692220796511495,0.249323258604939,-0.0565183167898784
79,reverse_collaborative_actual,0.35485481231175436,0.24589734147754627,0.024104981888719457
79,reverse_collaborative_deploy,0.3675826202129767,0.24241901396797,-0.04715661579044039
80,reverse_master,0.45433854787945566,0.40130448933171664,0.5123853950648525
80,reverse_independent,0.39885765101594933,0.2725921304153835,0.2876682428031605
80,reverse_collaborative_actual,0.38134945630554673,0.2527532760945027,0.3488325022781965
80,reverse_collaborative_deploy,0.402083577057036,0.2769483451609443,0.2760990913179935
81,reverse_master,0.45491567032338787,0.42835450767919814,0.5417574085514931
81,reverse_independent,0.40320383247723235,0.2906331592045672,0.0700418414650047
81,reverse_collaborative_actual,0.391583178247758,0.2705798948251225,0.12287364611525364
81,reverse_collaborative_deploy,0.41042986707043666,0.28818878082146415,0.036410586738681805
82,reverse_master,0.5489682378858156,0.5110764944882408,0.4772331276437426
82,reverse_independent,0.41966531739994095,0.280069012159245,0.18629644970247194
82,reverse_collaborative_actual,0.4105413907914021,0.26354724580514943,0.22129322863281675
82,reverse_collaborative_deploy,0.4314265092747772,0.27953982219074236,0.14004899797248238
83,reverse_master,0.5368721095500164,0.4741484748995294,0.3109685890691791
83,reverse_independent,0.3194976670276611,0.2057309209389533,0.20888961592008404
83,reverse_collaborative_actual,0.315586793389799,0.21458727270473701,0.22813856274406852
83,reverse_collaborative_deploy,0.31747443277277193,0.20124946382428288,0.21887738015095215
84,reverse_master,0.42802525913905015,0.38290653092229604,0.5788023847247128
84,reverse_independent,0.34063330855854457,0.24799689762308091,-0.32745047517212544
84,reverse_collaborative_actual,0.3384695573584611,0.24169930092568342,-0.31063972915897287
84,reverse_collaborative_deploy,0.35935849104969975,0.2539630829370808,-0.4774062215598327
85,reverse_master,0.5271419381280144,0.45738014575640745,0.07029457011143747
85,reverse_independent,0.3808972479539754,0.2427602911364347,0.0739401266026879
85,reverse_collaborative_actual,0.37553352120817385,0.251840333531493,0.09983770924887236
85,reverse_collaborative_deploy,0.39561222637668214,0.25113117922361333,0.001006168135860186
86,reverse_master,0.5178228365585095,0.46634358397239223,0.5063543851549767
86,reverse_independent,0.319483382229048,0.2351960526998194,-0.6911882050208966
86,reverse_collaborative_actual,0.30466260040538684,0.2146373739201634,-0.5379197824556434
86,reverse_collaborative_deploy,0.33052419819394774,0.24164413431797094,-0.8100972760978229
87,reverse_master,0.4728643274241536,0.43890274414374775,0.43153374090890095
87,reverse_independent,0.40704333770238543,0.26130598709321157,0.06339651825911641
87,reverse_collaborative_actual,0.4006426550742132,0.247724829017063,0.0926207640036274
87,reverse_collaborative_deploy,0.42617141427918903,0.2659482840276546,-0.026698902641905775
88,reverse_master,0.48848749107926226,0.44120530535707325,0.42956754275568
88,reverse_independent,0.33659712460504093,0.22190220671814667,0.1624691004232417
88,reverse_collaborative_actual,0.33127169583330507,0.21106468776915052,0.1887612312436684
88,reverse_collaborative_deploy,0.34959814885031415,0.21998658283323483,0.09652053909182057
89,reverse_master,0.5338656428488495,0.48724029123726403,0.2637176447460937
89,reverse_independent,0.5176844414550992,0.33348638818852555,-0.03848907608312757
89,reverse_collaborative_actual,0.5006187020174026,0.32402957363037493,0.028851046362842747
89,reverse_collaborative_deploy,0.5136145693936895,0.3298480680246254,-0.02222471283717753
90,reverse_master,0.49656038380564627,0.43590346697547566,0.38356946308697315
90,reverse_independent,0.38988301307172096,0.27672325734018866,-0.09446309994956259
90,reverse_collaborative_actual,0.4129049765174832,0.30631931875611706,-0.22753174135690402
90,reverse_collaborative_deploy,0.42554042843900103,0.2870712034495621,-0.3038095248995496
91,reverse_master,0.50284194449166,0.46035595842275706,0.34680411205460315
91,reverse_independent,0.43316886426396145,0.27123187311344876,0.1330889921442846
91,reverse_collaborative_actual,0.4191850648660273,0.2702893489791633,0.1881577404756113
91,reverse_collaborative_deploy,0.440596833799426,0.27065936114180283,0.10310253497177913
92,reverse_master,0.5107758094480664,0.45093183644403084,0.3187034175430663
92,reverse_independent,0.37603159476149206,0.26387143079649356,-0.6176805905806546
92,reverse_collaborative_actual,0.37414990343327487,0.26002814022451665,-0.601531099759558
92,reverse_collaborative_deploy,0.398806487170035,0.27394951753778896,-0.8195690030328098
93,reverse_master,0.5104626232053148,0.45510716404450574,0.400933544995802
93,reverse_independent,0.42713978886575077,0.301809522261906,0.08680775175927458
93,reverse_collaborative_actual,0.4208262721775724,0.3044561348485891,0.11360387472899869
93,reverse_collaborative_deploy,0.440806661207865,0.30088446010856534,0.02743540325426208
94,reverse_master,0.4793814636059651,0.4385686459371053,0.5199040636289427
94,reverse_independent,0.354766984707766,0.2316468965394064,0.024587995850537725
94,reverse_collaborative_actual,0.3388935365599626,0.2121760276072054,0.10992157430357985
94,reverse_collaborative_deploy,0.35648205289235907,0.23284332084176432,0.015134231233782325
95,reverse_master,0.4785406973676113,0.4376809647824678,0.5045647136217026
95,reverse_independent,0.33189150881283336,0.22254418522020888,0.2069057899211748
95,reverse_collaborative_actual,0.3250889871406418,0.2061423384131912,0.23908348316707562
95,reverse_collaborative_deploy,0.3366340693969542,0.21733732285596155,0.18407802391297556
96,reverse_master,0.49642020942144677,0.4597484067991081,0.3989285878845843
96,reverse_independent,0.39701287087860637,0.2698953922099951,0.27176889385968594
96,reverse_collaborative_actual,0.38990265064494845,0.2666500274133952,0.2976195289531808
96,reverse_collaborative_deploy,0.40996584662635976,0.26704810172877275,0.2234750597141092
97,reverse_master,0.5457653404159167,0.47768505753771684,0.40116469804575583
97,reverse_independent,0.33135320757962633,0.22111659709135925,-0.2561064904112853
97,reverse_collaborative_actual,0.3258106083699253,0.21660808147201593,-0.21443574973633295
97,reverse_collaborative_deploy,0.34512324541248285,0.2277991842748194,-0.362675742828656
98,reverse_master,0.48957308741764877,0.44060161554507843,0.3808219961972408
98,reverse_independent,0.2677843731848561,0.19929267348757648,0.17962095033752368
98,reverse_collaborative_actual,0.28692442352311454,0.2211045473700731,0.05815564944853824
98,reverse_collaborative_deploy,0.2805397194497987,0.20242084036941138,0.09960553148093021
99,reverse_master,0.4284491675808756,0.396086147566143,0.5333081737515448
99,reverse_independent,0.41901029302890597,0.2922452095287103,0.1212374465454843
99,reverse_collaborative_actual,0.40298525523542705,0.26600733405322136,0.1871686020020159
99,reverse_collaborative_deploy,0.42436280561256196,0.2910183465883837,0.09864310965282408
100,reverse_master,0.5465133383358654,0.50272930090962,0.30897391752927816
100,reverse_independent,0.45224600572515977,0.3126214125583371,-0.0458738904825291
100,reverse_collaborative_actual,0.4378496172332275,0.2970684139707452,0.019653076249116497
100,reverse_collaborative_deploy,0.46307263772694157,0.31510945982855976,-0.09654909676277579
